INEGI. IX Censo Ejidal 2007,,,,,,,
Total de ejidos y comunidades segun disposicion y tipo de parcelas,,,,,,,cuadro 31
con destino especifico por entidad federativa y municipio,,,,,,,
,,,,,,,
,,,,,,,
,,,,,,,
entidad_federativa_y_municipio,ejidos_y_comunidades,parcelas_de_destino_especifico_ejidos_y_comunidades_con_parcelas_de_destino_especifico,parcelas_de_destino_especifico_parcela_escolar,parcelas_de_destino_especifico_unidad_productiva_para_el_desarrollo_integral_de_la_juventud,unidad_agricola_industrial_para_la_mujer_total,unidad_agricola_industrial_para_la_mujer_mujeres_participantes,sin_parcelas_de_este_tipo
Estados Unidos Mexicanos,31514,25053,24649,1002,6198,79374,6461
Aguascalientes,187,172,166,2,93,713,15
Aguascalientes,41,33,32,0,17,150,8
Asientos,34,34,34,1,17,130,0
Calvillo,8,7,6,0,4,34,1
Cosio,8,8,8,0,6,37,0
Jesus Maria,14,11,11,0,5,12,3
Pabellon de Arteaga,9,9,9,0,5,54,0
Rincon de Romos,13,13,13,0,5,42,0
San Jose de Gracia,10,7,5,1,6,56,3
Tepezala ,15,15,15,0,5,15,0
El Llano,24,24,23,0,15,109,0
San Francisco de los Romo,11,11,10,0,8,74,0
Baja California,240,202,197,19,105,766,38
Ensenada,97,85,83,10,59,586,12
Mexicali,119,99,96,8,35,92,20
Tecate,13,11,11,1,8,20,2
Tijuana,6,3,3,0,2,48,3
Playas de Rosarito,5,4,4,0,1,20,1
Baja California Sur,99,69,65,12,44,188,30
Comondu,C,C,15,2,5,106,C
Mulege,28,15,11,4,12,26,13
La Paz,32,24,24,5,21,56,8
Los Cabos,19,14,14,1,6,0,5
Loreto,C,C,1,0,0,0,C
Campeche,385,348,326,34,305,4887,37
Calkini,17,10,8,0,5,159,7
Campeche,35,29,26,1,28,480,6
Carmen,47,43,43,3,33,470,4
Champoton,57,55,51,7,50,771,2
Hecelchakan,15,9,9,0,4,105,6
Hopelchen,40,36,26,4,33,902,4
Palizada,4,3,3,0,1,30,1
Tenabo,10,8,6,0,7,185,2
Escarcega,38,38,38,3,38,481,0
Calakmul,65,62,61,9,60,720,3
Candelaria,57,55,55,7,46,584,2
Coahuila de Zaragoza,875,800,788,45,511,5315,75
Abasolo,C,C,4,1,3,2,C
Acuña,13,11,10,1,9,19,2
Allende,4,4,4,0,1,0,0
Arteaga,26,26,26,1,11,234,0
Candela,6,4,3,0,3,45,2
Castaños,23,21,21,2,13,268,2
Cuatro Cienegas,29,28,27,2,23,325,1
Escobedo,5,5,5,0,1,0,0
Francisco I. Madero,51,47,45,1,34,413,4
Frontera,6,6,6,0,1,6,0
General Cepeda,45,42,41,2,23,207,3
Guerrero,4,3,3,0,2,12,1
Hidalgo,C,C,2,0,2,0,C
Jimenez,19,19,19,0,14,36,0
Juarez,4,3,3,1,3,7,1
Lamadrid,C,C,1,0,0,0,C
Matamoros,64,54,54,2,22,200,10
Monclova,8,6,6,1,4,100,2
Morelos,C,C,2,0,2,400,C
Muzquiz,15,12,11,0,8,21,3
Nadadores,9,8,8,1,3,45,1
Nava,5,5,5,1,5,0,0
Ocampo,44,41,41,7,34,15,3
Parras,75,73,73,9,55,510,2
Piedras Negras,5,5,5,1,4,0,0
Progreso,8,8,8,0,5,63,0
Ramos Arizpe,53,51,50,3,37,483,2
Sabinas,7,6,6,0,2,0,1
Sacramento,C,C,1,0,0,0,C
Saltillo,84,82,82,6,49,687,2
San Buenaventura,14,12,12,0,9,156,2
San Juan de Sabinas,8,7,7,0,6,4,1
San Pedro,111,96,95,1,53,647,15
Sierra Mojada,25,25,24,0,21,46,0
Torreon,30,26,25,1,14,109,4
Viesca,41,32,31,0,19,255,9
Villa Union,11,10,10,1,9,0,1
Zaragoza,13,12,12,0,7,0,1
Colima,165,125,120,2,55,770,40
Armeria,9,8,7,0,4,61,1
Colima,21,17,16,0,11,118,4
Comala,13,12,12,0,5,68,1
Coquimatlan,14,11,10,0,8,92,3
Cuauhtemoc,11,11,11,1,3,115,0
Ixtlahuacan,12,10,10,0,5,36,2
Manzanillo,42,26,25,0,5,110,16
Minatitlan,11,9,9,0,4,44,2
Tecoman,25,15,14,0,7,99,10
Villa de alvarez,7,6,6,1,3,27,1
Chiapas,2823,1652,1634,23,186,3861,1171
Acacoyagua,18,15,14,0,4,47,3
Acala,28,10,10,1,0,0,18
Acapetahua,22,11,10,0,5,41,11
Altamirano,26,17,17,0,0,0,9
Amatan,22,13,13,0,0,0,9
Amatenango de la Frontera,13,12,12,0,0,0,1
Amatenango del Valle,C,C,1,0,0,0,C
Angel Albino Corzo,15,13,13,0,0,0,2
Arriaga,24,14,14,0,1,9,10
Bejucal de Ocampo,C,C,3,0,0,0,C
Bella Vista,9,9,9,0,1,50,0
Berriozabal,16,5,5,0,0,0,11
Bochil,38,20,19,1,3,50,18
El Bosque,13,5,5,0,0,0,8
Cacahoatan,21,18,18,0,0,0,3
Catazaja,28,15,13,2,3,97,13
Cintalapa,81,53,53,2,7,102,28
Coapilla,9,4,4,0,0,0,5
Comitan de Dominguez,34,15,15,0,0,0,19
La Concordia,43,24,24,0,7,340,19
Copainala,15,10,10,0,1,15,5
Chalchihuitan,C,C,1,0,0,0,C
Chamula,5,1,1,0,0,0,4
Chanal,C,C,0,0,0,0,C
Chapultenango,9,6,4,0,3,37,3
Chenalho,10,7,7,0,0,0,3
Chiapa de Corzo,44,25,25,4,2,45,19
Chiapilla,C,C,2,0,0,0,C
Chicoasen,C,C,0,0,0,0,C
Chicomuselo,32,17,17,0,1,20,15
Chilon,25,16,16,1,1,22,9
Escuintla,35,25,25,1,1,90,10
Francisco Leon,6,3,3,0,0,0,3
Frontera Comalapa,38,31,31,0,5,143,7
Frontera Hidalgo,C,C,2,0,0,0,C
La Grandeza,3,3,3,0,0,0,0
Huehuetan,19,13,13,0,0,0,6
Huixtan,19,8,8,0,0,0,11
Huitiupan,50,14,14,0,0,0,36
Huixtla,20,15,15,1,3,40,5
La Independencia,32,13,13,0,0,0,19
Ixhuatan,6,6,6,0,1,0,0
Ixtacomitan,12,6,6,0,1,0,6
Ixtapa,32,18,17,2,0,0,14
Ixtapangajoya,4,4,4,0,0,0,0
Jiquipilas,64,34,34,1,5,155,30
Jitotol,22,2,2,0,0,0,20
Juarez,6,3,3,0,0,0,3
Larrainzar,3,1,1,0,0,0,2
La Libertad,4,2,2,0,0,0,2
Mapastepec,56,41,39,0,20,433,15
Las Margaritas,145,61,60,0,2,50,84
Mazapa de Madero,4,4,4,0,0,0,0
Mazatan,18,14,14,0,1,7,4
Metapa,C,C,1,0,0,0,C
Mitontic,C,C,1,0,0,0,C
Motozintla,43,39,39,0,2,50,4
Ocosingo,159,94,94,0,7,211,65
Ocotepec,C,C,1,0,0,0,C
Ocozocoautla de Espinosa,74,36,35,0,5,163,38
Ostuacan,29,17,15,0,5,109,12
Osumacinta,3,1,1,0,0,0,2
Oxchuc,3,0,0,0,0,0,3
Palenque,163,100,100,1,17,381,63
Pantelho,9,2,2,0,0,0,7
Pantepec,6,6,6,0,0,0,0
Pichucalco,9,5,5,0,0,0,4
Pijijiapan,70,36,36,2,11,123,34
El Porvenir,5,5,5,0,0,0,0
Villa Comaltitlan,19,12,12,0,3,49,7
Pueblo Nuevo Solistahuacan,21,9,9,0,0,0,12
Rayon,4,0,0,0,0,0,4
Reforma,7,6,6,0,0,0,1
Las Rosas,17,5,5,0,0,0,12
Sabanilla,19,8,8,0,0,0,11
Salto de Agua,86,65,64,0,4,25,21
San Cristobal de las Casas,16,5,5,0,0,0,11
San Fernando,18,11,11,0,0,0,7
Siltepec,18,17,17,0,0,0,1
Simojovel,53,11,11,0,0,0,42
Sitala,7,6,6,0,0,0,1
Socoltenango,33,19,19,0,0,0,14
Solosuchiapa,11,6,6,0,0,0,5
Soyalo,4,1,1,0,0,0,3
Suchiapa,9,4,4,0,0,0,5
Suchiate,17,16,16,0,1,12,1
Sunuapa,C,C,1,0,1,20,C
Tapachula,52,37,37,0,6,57,15
Tapalapa,C,C,2,0,0,0,C
Tapilula,4,1,1,0,0,0,3
Tecpatan,59,43,42,0,6,83,16
Tenejapa,7,0,0,0,0,0,7
Teopisca,16,7,7,0,1,20,9
Tila,29,17,17,0,0,0,12
Tonala,54,27,26,0,6,63,27
Totolapa,8,5,5,1,1,27,3
La Trinitaria,85,44,44,0,3,185,41
Tumbala,24,18,18,0,1,0,6
Tuxtla Gutierrez,6,2,2,0,0,0,4
Tuxtla Chico,7,6,6,0,0,0,1
Tuzantan,16,13,13,0,0,0,3
Tzimol,18,8,8,0,0,0,10
Union Juarez,12,11,11,0,0,0,1
Venustiano Carranza,41,20,20,0,0,0,21
Villa Corzo,71,40,40,1,7,117,31
Villaflores,67,44,44,0,2,25,23
Yajalon,8,4,4,0,0,0,4
San Lucas,C,C,2,0,2,27,C
Zinacantan,6,1,1,0,0,0,5
San Juan Cancuc,C,C,0,0,0,0,C
Aldama,C,C,0,0,0,0,C
Benemerito de las Americas,14,14,14,1,11,294,0
Maravilla Tenejapa,33,32,32,0,0,0,1
Marques de Comillas,23,19,18,1,6,27,4
Montecristo de Guerrero,5,3,3,0,0,0,2
San Andres Duraznal,5,0,0,0,0,0,5
Santiago el Pinar,C,C,1,0,0,0,C
Chihuahua,987,760,755,22,138,1340,227
Ahumada,24,15,15,0,6,6,9
Aldama,24,19,18,1,9,249,5
Allende,21,20,20,0,4,0,1
Aquiles Serdan,C,C,2,2,2,5,C
Ascension,21,12,12,1,7,0,9
Bachiniva,11,10,10,0,0,0,1
Balleza,20,17,17,0,1,44,3
Batopilas,12,5,5,0,0,0,7
Bocoyna,26,20,20,0,0,0,6
Buenaventura,9,6,6,0,1,10,3
Camargo,24,13,13,0,4,11,11
Carichi,23,21,21,0,1,18,2
Casas Grandes,13,12,12,1,5,47,1
Coronado,6,6,6,0,0,0,0
Coyame del Sotol,12,8,7,0,6,5,4
La Cruz,5,4,4,0,1,0,1
Cuauhtemoc,26,23,23,0,3,41,3
Cusihuiriachi,21,17,17,0,2,47,4
Chihuahua,47,39,39,3,7,98,8
Chinipas,16,4,4,0,1,0,12
Delicias,4,3,3,0,0,0,1
Dr. Belisario Dominguez,9,8,8,0,0,0,1
Galeana,4,2,2,0,0,0,2
Santa Isabel,8,7,7,0,1,4,1
Gomez Farias,7,7,7,0,1,2,0
Gran Morelos,10,9,9,0,1,0,1
Guachochi,26,19,19,0,1,60,7
Guadalupe,7,7,7,0,1,0,0
Guadalupe y Calvo,45,28,28,0,3,62,17
Guazapares,11,5,5,0,2,0,6
Guerrero,50,47,47,1,3,55,3
Hidalgo del Parral,12,11,10,0,1,0,1
Huejotitan,8,6,6,0,1,20,2
Ignacio Zaragoza,4,4,4,0,0,0,0
Janos,14,11,11,0,1,22,3
Jimenez,53,45,45,4,16,181,8
Juarez,10,9,9,1,2,10,1
Julimes,6,3,3,1,0,0,3
Lopez,12,11,11,0,3,23,1
Madera,20,14,14,2,6,165,6
Maguarichi,5,4,4,0,0,0,1
Manuel Benavides,14,11,11,0,0,0,3
Matachi,5,5,5,0,1,24,0
Matamoros,8,8,8,1,0,0,0
Meoqui,4,1,1,0,0,0,3
Morelos,17,9,9,0,5,57,8
Moris,10,8,8,0,0,0,2
Namiquipa,12,12,12,0,0,0,0
Nonoava,C,C,2,0,0,0,C
Nuevo Casas Grandes,C,C,2,0,1,15,C
Ocampo,17,11,11,0,1,10,6
Ojinaga,33,29,28,1,6,0,4
Praxedis G. Guerrero,5,5,5,1,1,0,0
Riva Palacio,9,4,4,0,1,7,5
Rosales,11,10,10,0,0,0,1
Rosario,7,5,5,0,2,11,2
San Francisco de Borja,9,7,7,1,0,0,2
San Francisco de Conchos,7,5,5,0,4,16,2
San Francisco del Oro,4,4,4,0,0,0,0
Santa Barbara,9,8,8,0,0,0,1
Satevo,20,13,13,0,3,0,7
Saucillo,13,8,8,1,0,0,5
Temosachi,13,10,10,0,0,0,3
El Tule,4,4,4,0,0,0,0
Urique,29,18,17,0,2,0,11
Uruachi,19,15,15,0,0,0,4
Valle de Zaragoza,15,13,13,0,8,15,2
Distrito Federal,37,16,14,0,7,224,21
Cuajimalpa de Morelos,C,C,3,0,2,178,C
La Magdalena Contreras,3,2,2,0,0,0,1
Milpa Alta,8,4,2,0,2,0,4
alvaro Obregon,C,C,0,0,0,0,C
Tlahuac,7,2,2,0,1,0,5
Tlalpan,10,4,4,0,1,46,6
Xochimilco,4,1,1,0,1,0,3
Durango,1124,851,844,25,149,1937,273
Canatlan,40,38,38,5,6,47,2
Canelas,C,C,1,0,0,0,C
Coneto de Comonfort,8,8,8,0,0,0,0
Cuencame,28,22,22,1,2,19,6
Durango,122,101,99,6,9,113,21
General Simon Bolivar,21,20,20,0,12,162,1
Gomez Palacio,98,88,87,0,22,316,10
Guadalupe Victoria,10,10,10,0,4,61,0
Guanacevi,40,18,18,0,0,0,22
Hidalgo,18,15,15,0,3,31,3
Inde,12,9,9,0,1,0,3
Lerdo,31,26,26,2,12,244,5
Mapimi,78,46,46,2,15,172,32
Mezquital,22,15,15,0,3,0,7
Nazas,24,24,24,0,5,53,0
Nombre de Dios,19,18,18,0,1,10,1
Ocampo,24,18,18,0,1,20,6
El Oro,25,18,18,0,6,131,7
Otaez,14,9,9,1,1,13,5
Panuco de Coronado,17,17,17,0,1,15,0
Peñon Blanco,5,4,4,1,1,14,1
Poanas,20,18,18,0,2,34,2
Pueblo Nuevo,24,16,16,0,2,20,8
Rodeo,29,29,29,1,6,50,0
San Bernardo,24,21,20,0,1,16,3
San Dimas,49,34,34,0,2,18,15
San Juan de Guadalupe,21,14,13,0,2,23,7
San Juan del Rio,22,18,18,0,1,0,4
San Luis del Cordero,C,C,2,0,0,0,C
San Pedro del Gallo,11,10,10,0,4,22,1
Santa Clara,6,6,5,1,1,12,0
Santiago Papasquiaro,62,46,46,2,3,37,16
Suchil,10,7,7,0,1,8,3
Tamazula,49,10,9,1,0,0,39
Tepehuanes,26,8,8,0,1,10,18
Tlahualilo,57,44,44,0,10,110,13
Topia,15,7,7,0,1,15,8
Vicente Guerrero,9,9,9,0,2,40,0
Nuevo Ideal,29,27,27,2,5,101,2
Guanajuato,1543,1253,1233,53,178,2005,290
Abasolo,47,37,37,1,2,6,10
Acambaro,69,56,55,8,10,93,13
San Miguel de Allende,61,53,51,4,19,230,8
Apaseo el Alto,28,22,22,0,1,7,6
Apaseo el Grande,39,31,28,3,11,57,8
Atarjea,12,7,7,0,0,0,5
Celaya,40,30,30,1,2,20,10
Manuel Doblado,33,29,29,1,1,40,4
Comonfort,32,20,20,0,3,38,12
Coroneo,C,C,3,0,0,0,C
Cortazar,23,21,20,3,1,30,2
Cueramaro,15,14,14,0,0,0,1
Doctor Mora,5,1,1,0,0,0,4
Dolores Hidalgo Cuna de la Independencia Nal.,60,41,37,4,13,115,19
Guanajuato,29,23,23,2,2,10,6
Huanimaro,20,19,19,0,2,16,1
Irapuato,80,71,70,3,11,105,9
Jaral del Progreso,15,9,9,0,1,15,6
Jerecuaro,42,36,36,0,1,0,6
Leon,50,39,38,3,1,10,11
Moroleon,8,8,8,0,0,0,0
Ocampo,16,11,11,3,6,110,5
Penjamo,151,131,131,0,5,50,20
Pueblo Nuevo,6,5,5,0,2,10,1
Purisima del Rincon,11,11,11,0,1,7,0
Romita,47,40,40,1,4,65,7
Salamanca,54,42,42,0,1,47,12
Salvatierra,58,46,46,4,4,31,12
San Diego de la Union,34,25,23,0,7,40,9
San Felipe,81,62,59,0,33,484,19
San Francisco del Rincon,26,24,24,0,2,75,2
San Jose Iturbide,3,3,3,0,1,6,0
San Luis de la Paz,24,14,14,1,7,81,10
Santa Catarina,C,C,1,0,0,0,C
Santa Cruz de Juventino Rosas,26,21,21,0,3,24,5
Santiago Maravatio,9,8,8,0,0,0,1
Silao,64,56,56,5,6,75,8
Tarandacuao,3,3,3,0,0,0,0
Tarimoro,14,12,12,0,1,25,2
Tierra Blanca,3,2,2,0,0,0,1
Uriangato,9,6,6,2,0,0,3
Valle de Santiago,98,83,81,1,8,42,15
Victoria,15,10,10,0,3,5,5
Villagran,11,9,9,1,1,14,2
Xichu,14,7,7,0,0,0,7
Yuriria,53,51,51,2,2,22,2
Guerrero,1259,969,964,45,112,1224,290
Acapulco de Juarez,45,35,34,4,13,93,10
Ahuacuotzingo,28,22,22,1,1,0,6
Ajuchitlan del Progreso,39,34,34,0,3,190,5
Alcozauca de Guerrero,14,6,6,0,0,0,8
Alpoyeca,5,3,3,0,0,0,2
Apaxtla,4,4,4,0,0,0,0
Arcelia,23,20,20,0,3,32,3
Atenango del Rio,14,9,9,1,0,0,5
Atlamajalcingo del Monte,7,3,3,0,0,0,4
Atlixtac,5,2,2,0,0,0,3
Atoyac de alvarez,36,36,36,1,3,37,0
Ayutla de los Libres,28,26,26,0,1,0,2
Azoyu,11,9,9,0,1,15,2
Benito Juarez,6,3,3,0,0,0,3
Buenavista de Cuellar,7,7,7,0,0,0,0
Coahuayutla de Jose Maria Izazaga,35,31,31,1,4,20,4
Cocula,16,16,16,3,4,28,0
Copala,6,4,4,0,1,10,2
Copalillo,9,8,8,0,0,0,1
Copanatoyac,8,4,4,0,0,0,4
Coyuca de Benitez,32,29,27,3,4,6,3
Coyuca de Catalan,56,45,45,0,2,18,11
Cuajinicuilapa,11,10,10,0,0,0,1
Cualac,C,C,1,0,0,0,C
Cuautepec,5,4,4,0,0,0,1
Cuetzala del Progreso,12,9,9,2,3,30,3
Cutzamala de Pinzon,33,28,28,0,0,0,5
Chilapa de alvarez,45,24,24,2,0,0,21
Chilpancingo de los Bravo,31,23,23,3,6,0,8
Florencio Villarreal,C,C,1,1,1,0,C
General Canuto A. Neri,5,4,4,0,0,0,1
General Heliodoro Castillo,7,6,6,0,1,0,1
Huamuxtitlan,8,8,8,0,0,0,0
Huitzuco de los Figueroa,21,18,18,0,1,7,3
Iguala de la Independencia,15,15,15,0,4,22,0
Igualapa,7,5,5,0,1,13,2
Ixcateopan de Cuauhtemoc,C,C,1,0,1,42,C
Jose Azueta,18,14,14,0,2,0,4
Juan R. Escudero,11,10,10,1,2,10,1
Leonardo Bravo,16,13,13,0,1,7,3
Malinaltepec,9,9,9,0,0,0,0
Martir de Cuilapan,11,5,5,0,0,0,6
Metlatonoc,9,4,4,0,0,0,5
Mochitlan,26,21,21,0,1,22,5
Olinala ,7,2,2,0,0,0,5
Ometepec,26,22,22,0,2,20,4
Petatlan,27,24,24,1,2,37,3
Pilcaya,6,6,6,0,0,0,0
Pungarabato,10,7,6,2,2,0,3
Quechultenango,26,20,20,2,0,0,6
San Luis Acatlan,23,18,18,6,1,20,5
San Marcos,33,29,29,0,5,87,4
San Miguel Totolapan,8,2,2,0,0,0,6
Taxco de Alarcon,23,14,14,0,1,0,9
Tecoanapa,39,33,33,0,0,0,6
Tecpan de Galeana,25,24,24,0,1,15,1
Teloloapan,27,22,22,1,4,49,5
Tepecoacuilco de Trujano,25,14,13,0,1,0,11
Tetipac,5,5,5,0,0,0,0
Tixtla de Guerrero,10,7,7,1,1,10,3
Tlacoachistlahuaca,15,6,6,0,0,0,9
Tlacoapa,C,C,2,0,0,0,C
Tlalchapa,16,14,14,0,2,18,2
Tlalixtaquilla de Maldonado,5,2,2,0,1,0,3
Tlapa de Comonfort,30,16,16,0,3,82,14
Tlapehuala,12,11,11,5,0,0,1
La Union de Isidoro Montes de Oca,31,27,27,2,15,194,4
Xalpatlahuac,8,1,1,0,0,0,7
Xochihuehuetlan,7,2,2,0,0,0,5
Xochistlahuaca,7,5,5,0,0,0,2
Zapotitlan Tablas,C,C,0,0,0,0,C
Zirandaro,28,19,19,0,3,40,9
Zitlala,11,6,6,0,0,0,5
Eduardo Neri,16,12,12,1,2,0,4
Acatepec,C,C,1,1,0,0,C
Marquelia,3,2,2,0,0,0,1
Cochoapa el Grande,C,C,0,0,0,0,C
Jose Joaquin de Herrera,C,C,0,0,0,0,C
Juchitan,C,C,1,0,0,0,C
Iliatenco,4,4,4,0,2,50,0
Hidalgo,1189,1013,986,56,319,5703,176
Acatlan,17,15,15,0,2,40,2
Acaxochitlan,13,13,13,0,3,10,0
Actopan,11,9,8,1,1,20,2
Agua Blanca de Iturbide,10,9,9,0,3,0,1
Ajacuba,8,8,8,1,1,4,0
Alfajayucan,28,23,22,0,13,123,5
Almoloya,13,13,13,0,2,18,0
Apan,15,15,14,0,4,53,0
El Arenal,8,8,7,0,6,116,0
Atitalaquia,5,5,5,0,1,2,0
Atlapexco,9,8,7,1,2,166,1
Atotonilco el Grande,24,22,22,0,6,99,2
Atotonilco de Tula,7,7,7,1,3,21,0
Calnali,C,C,1,0,0,0,C
Cardonal,20,13,11,3,7,235,7
Cuautepec de Hinojosa,24,24,24,0,4,39,0
Chapantongo,14,14,14,0,7,176,0
Chapulhuacan,22,20,19,1,7,105,2
Chilcuautla,6,4,4,0,1,19,2
Eloxochitlan,8,5,5,0,1,20,3
Emiliano Zapata,4,4,4,0,2,128,0
Epazoyucan,12,10,9,0,7,89,2
Francisco I. Madero,C,C,2,1,0,0,C
Huasca de Ocampo,27,23,21,2,6,57,4
Huautla,42,37,35,4,12,253,5
Huazalingo,12,11,11,0,5,349,1
Huehuetla,6,3,3,0,0,0,3
Huejutla de Reyes,47,43,41,1,8,403,4
Huichapan,35,35,35,1,14,102,0
Ixmiquilpan,24,20,20,1,1,60,4
Jacala de Ledezma,13,13,13,0,0,0,0
Jaltocan,16,13,13,0,5,136,3
Juarez Hidalgo,4,4,3,0,1,35,0
Lolotla,10,8,8,0,6,133,2
Metepec,11,10,10,0,3,26,1
San Agustin Metzquititlan,7,4,4,0,2,5,3
Metztitlan,27,19,19,0,6,31,8
Mineral del Chico,6,4,4,0,2,31,2
Mineral del Monte,C,C,2,0,0,0,C
Mixquiahuala de Juarez,7,7,6,0,3,12,0
Molango de Escamilla,13,10,10,0,3,20,3
Nicolas Flores,4,1,0,0,1,9,3
Nopala de Villagran,9,9,9,0,6,109,0
Omitlan de Juarez,4,4,4,0,0,0,0
San Felipe Orizatlan,80,69,67,12,30,903,11
Pacula,C,C,1,0,0,0,C
Pachuca de Soto,7,6,6,0,1,0,1
Pisaflores,6,5,5,2,4,85,1
Progreso de Obregon,C,C,1,0,0,0,C
Mineral de la Reforma,7,5,4,1,0,0,2
San Agustin Tlaxiaca,10,9,9,2,1,9,1
San Bartolo Tutotepec,7,1,1,0,0,0,6
San Salvador,18,15,15,1,4,63,3
Santiago de Anaya,13,13,13,0,4,129,0
Santiago Tulantepec de Lugo Guerrero,6,5,5,0,1,12,1
Singuilucan,15,14,14,0,1,13,1
Tasquillo,17,8,8,2,3,211,9
Tecozautla,32,29,29,2,15,136,3
Tenango de Doria,5,5,5,0,0,0,0
Tepeapulco,9,9,9,0,3,34,0
Tepehuacan de Guerrero,31,25,24,2,5,110,6
Tepeji del Rio de Ocampo,16,16,16,0,5,43,0
Tepetitlan,12,10,10,0,4,25,2
Tetepango,C,C,2,0,1,10,C
Villa de Tezontepec,C,C,1,0,0,0,C
Tezontepec de Aldama,5,5,5,0,0,0,0
Tianguistengo,24,22,22,2,7,42,2
Tizayuca,3,3,3,0,1,0,0
Tlahuelilpan,C,C,1,0,1,60,C
Tlahuiltepa,15,5,5,0,0,0,10
Tlanalapa,3,3,3,0,0,0,0
Tlanchinol,34,30,30,0,4,7,4
Tlaxcoapan,4,4,4,0,1,6,0
Tolcayuca,3,3,3,0,2,52,0
Tula de Allende,25,19,19,1,6,67,6
Tulancingo de Bravo,14,13,12,0,6,55,1
Xochiatipan,25,22,21,2,11,49,3
Xochicoatlan,15,11,10,0,6,36,4
Yahualica,20,16,16,4,4,46,4
Zacualtipan de angeles,19,17,17,4,7,114,2
Zapotlan de Juarez,3,3,2,0,1,0,0
Zempoala,24,19,19,0,8,96,5
Zimapan,46,36,35,1,5,36,10
Jalisco,1429,1201,1186,72,148,1371,228
Acatic,C,C,2,0,0,0,C
Acatlan de Juarez,7,6,5,0,1,0,1
Ahualulco de Mercado,8,7,7,1,1,10,1
Amacueca,C,C,1,0,0,0,C
Amatitan,5,5,5,0,2,17,0
Ameca,44,41,40,3,7,49,3
San Juanito de Escobedo,5,5,5,0,1,6,0
Arandas,C,C,0,1,0,0,C
El Arenal,C,C,3,0,1,4,C
Atemajac de Brizuela,9,7,7,0,1,6,2
Atengo,12,8,8,0,0,0,4
Atenguillo,5,3,3,0,1,34,2
Atotonilco el Alto,19,14,14,0,2,0,5
Atoyac,11,10,10,2,1,14,1
Autlan de Navarro,27,25,24,1,5,55,2
Ayotlan,15,12,12,0,1,12,3
Ayutla,27,22,22,0,0,0,5
La Barca,28,22,22,0,0,0,6
Bolaños,C,C,1,0,0,0,C
Cabo Corrientes,20,16,15,0,7,77,4
Casimiro Castillo,16,15,15,0,6,63,1
Cihuatlan,15,15,15,1,4,40,0
Zapotlan el Grande,5,5,5,0,0,0,0
Cocula,19,19,19,1,0,0,0
Colotlan,7,7,7,0,1,10,0
Concepcion de Buenos Aires,11,9,9,3,0,0,2
Cuautitlan de Garcia Barragan,12,10,10,0,3,0,2
Cuautla,4,2,2,0,0,0,2
Cuquio,13,11,11,0,1,23,2
Chapala,6,4,4,0,1,14,2
Chimaltitan,C,C,1,2,1,5,C
Chiquilistlan,6,6,6,1,1,12,0
Degollado,23,13,13,0,0,0,10
Ejutla,3,3,3,0,0,0,0
Encarnacion de Diaz,12,10,10,0,1,50,2
Etzatlan,10,9,9,1,1,4,1
El Grullo,8,6,6,0,1,5,2
Guachinango,13,9,9,0,1,8,4
Guadalajara,C,C,1,0,0,0,C
Hostotipaquillo,17,14,14,0,0,0,3
Huejucar,5,4,4,0,1,5,1
Huejuquilla el Alto,3,3,3,0,0,0,0
La Huerta,32,31,31,3,10,83,1
Ixtlahuacan de los Membrillos,10,10,10,0,1,0,0
Ixtlahuacan del Rio,12,12,12,0,0,0,0
Jalostotitlan,C,C,1,0,0,0,C
Jamay,4,3,3,0,0,0,1
Jesus Maria,C,C,2,0,0,0,C
Jilotlan de los Dolores,26,20,20,0,3,0,6
Jocotepec,15,13,13,1,1,0,2
Juanacatlan,6,5,5,0,0,0,1
Juchitlan,7,7,7,1,0,0,0
Lagos de Moreno,44,39,39,0,2,19,5
El Limon,6,5,5,0,0,0,1
Magdalena,10,9,9,0,4,26,1
Santa Maria del Oro,4,4,4,0,0,0,0
La Manzanilla de la Paz,9,9,9,1,0,0,0
Mascota,16,15,14,6,2,3,1
Mazamitla,19,15,15,1,1,0,4
Mexticacan,3,1,1,0,0,0,2
Mezquitic,8,8,8,0,0,0,0
Mixtlan,5,5,5,0,0,0,0
Ocotlan,16,14,14,1,1,6,2
Ojuelos de Jalisco,20,19,18,1,8,76,1
Pihuamo,18,17,17,1,1,8,1
Poncitlan,17,13,13,0,1,40,4
Puerto Vallarta,15,13,13,0,3,0,2
Villa Purificacion,13,11,11,2,3,30,2
Quitupan,25,22,22,1,0,0,3
El Salto,4,2,2,0,1,0,2
San Cristobal de la Barranca,C,C,1,1,1,0,C
San Diego de Alejandria,C,C,1,0,0,0,C
San Juan de los Lagos,7,6,6,0,0,0,1
San Marcos,4,4,4,0,1,18,0
San Martin Hidalgo,18,15,15,1,0,0,3
San Miguel el Alto,C,C,0,0,0,0,C
Gomez Farias,5,4,4,0,0,0,1
San Sebastian del Oeste,18,14,13,2,3,36,4
Santa Maria de los angeles,10,8,8,0,1,40,2
Sayula,5,2,2,0,0,0,3
Tala,13,11,11,0,1,8,2
Talpa de Allende,17,15,15,0,0,0,2
Tamazula de Gordiano,35,32,32,4,1,0,3
Tapalpa,8,7,7,0,2,31,1
Tecalitlan,17,10,10,2,0,0,7
Tecolotlan,20,17,17,8,0,0,3
Techaluta de Montenegro,C,C,2,0,0,0,C
Tenamaxtlan,12,11,11,0,0,0,1
Teocaltiche,11,6,6,0,6,116,5
Teocuitatlan de Corona,27,23,23,0,2,18,4
Tepatitlan de Morelos,C,C,1,0,0,0,C
Tequila,15,13,13,0,0,0,2
Teuchitlan,6,6,6,0,1,15,0
Tizapan el Alto,14,12,12,1,0,0,2
Tlajomulco de Zuñiga,25,22,20,4,5,14,3
Tlaquepaque,7,6,6,0,0,0,1
Toliman,12,9,9,0,1,10,3
Tomatlan,40,29,28,2,10,105,11
Tonala,8,5,4,0,3,59,3
Tonaya,C,C,0,0,0,0,C
Tonila,8,6,6,0,1,0,2
Tototlan,22,17,17,0,0,0,5
Tuxcacuesco,8,6,6,0,0,0,2
Tuxcueca,5,5,5,0,0,0,0
Tuxpan,14,10,10,0,3,52,4
Union de San Antonio,17,16,16,0,0,0,1
Union de Tula,14,12,12,0,0,0,2
Valle de Guadalupe,C,C,0,0,0,0,C
Valle de Juarez,9,9,9,0,0,0,0
San Gabriel,22,18,18,0,2,6,4
Villa Corona,5,5,5,0,0,0,0
Villa Guerrero,C,C,1,0,0,0,C
Villa Hidalgo,4,0,0,0,0,0,4
Cañadas de Obregon,C,C,1,1,1,12,C
Yahualica de Gonzalez Gallo,3,3,3,0,0,0,0
Zacoalco de Torres,16,16,16,0,0,0,0
Zapopan,32,25,24,2,5,6,7
Zapotiltic,18,14,14,0,0,0,4
Zapotitlan de Vadillo,4,3,3,0,1,0,1
Zapotlan del Rey,22,18,17,8,1,11,4
Zapotlanejo,11,11,11,0,0,0,0
Mexico,1233,962,943,62,183,3327,271
Acambay,32,24,24,0,4,45,8
Acolman,13,10,9,0,1,10,3
Aculco,26,21,21,2,7,68,5
Almoloya de Alquisiras,12,7,7,0,2,0,5
Almoloya de Juarez,36,32,32,0,3,1,4
Almoloya del Rio,4,1,1,0,0,0,3
Amanalco,19,14,13,1,8,180,5
Amatepec,17,15,15,2,3,10,2
Amecameca,11,7,7,0,1,22,4
Apaxco,C,C,1,0,1,8,C
Atenco,5,5,5,0,1,0,0
Atizapan,C,C,1,0,1,15,C
Atizapan de Zaragoza,C,C,1,0,1,0,C
Atlacomulco,29,25,24,1,6,162,4
Atlautla,C,C,1,1,1,0,C
Axapusco,16,16,16,4,5,140,0
Ayapango,5,5,5,0,0,0,0
Calimaya,9,7,7,0,0,0,2
Capulhuac,4,0,0,0,0,0,4
Coacalco de Berriozabal,C,C,2,0,0,0,C
Coatepec Harinas,11,9,9,0,1,0,2
Cocotitlan,C,C,2,0,1,0,C
Coyotepec,C,C,1,1,0,0,C
Cuautitlan,C,C,2,1,1,0,C
Chalco,14,13,13,1,3,44,1
Chapa de Mota,15,11,10,0,3,10,4
Chapultepec,C,C,1,0,0,0,C
Chiautla,5,5,4,0,2,13,0
Chicoloapan,C,C,1,0,1,187,C
Chiconcuac,C,C,1,0,0,0,C
Chimalhuacan,C,C,1,0,0,0,C
Donato Guerra,17,10,10,0,4,25,7
Ecatepec de Morelos,8,5,5,1,2,56,3
Ecatzingo,C,C,1,1,1,78,C
Huehuetoca,3,3,3,1,2,21,0
Hueypoxtla,11,11,11,0,3,78,0
Huixquilucan,7,2,2,0,1,0,5
Isidro Fabela,4,3,3,1,1,30,1
Ixtapaluca,9,5,5,0,0,0,4
Ixtapan de la Sal,C,C,1,0,0,0,C
Ixtapan del Oro,8,7,7,1,2,15,1
Ixtlahuaca,36,34,33,2,3,4,2
Jaltenco,C,C,1,0,0,0,C
Jilotepec,33,33,32,0,5,44,0
Jilotzingo,7,3,3,1,0,0,4
Jiquipilco,15,13,13,0,1,8,2
Jocotitlan,15,12,12,0,2,8,3
Joquicingo,3,3,3,0,0,0,0
Juchitepec,C,C,0,0,0,0,C
Lerma,20,10,9,2,4,61,10
Malinalco,13,10,10,0,0,0,3
Melchor Ocampo,3,2,2,0,0,0,1
Metepec,5,4,3,1,1,56,1
Mexicaltzingo,C,C,1,0,0,0,C
Morelos,14,11,11,1,1,0,3
Naucalpan de Juarez,8,3,3,0,0,0,5
Nextlalpan,3,3,3,0,0,0,0
Nicolas Romero,9,6,6,0,2,2,3
Nopaltepec,4,4,4,1,1,40,0
Ocoyoacac,8,5,5,1,1,10,3
Ocuilan,5,4,4,0,0,0,1
El Oro,12,11,11,0,0,0,1
Otumba,12,11,11,0,2,30,1
Otzoloapan,C,C,1,0,1,55,C
Otzolotepec,10,8,8,2,2,0,2
Ozumba,5,3,3,0,0,0,2
Papalotla,C,C,1,0,1,2,C
La Paz,C,C,0,0,0,0,C
Polotitlan,10,9,9,0,1,0,1
Rayon,4,4,4,0,0,0,0
San Antonio la Isla,C,C,2,0,1,35,C
San Felipe del Progreso,47,38,36,4,3,0,9
San Martin de las Piramides,8,7,7,0,1,0,1
San Mateo Atenco,C,C,1,0,0,0,C
San Simon de Guerrero,C,C,1,0,0,0,C
Santo Tomas,6,5,5,0,1,0,1
Soyaniquilpan de Juarez,7,7,7,0,4,210,0
Sultepec,9,4,4,0,1,30,5
Tecamac,10,7,7,1,4,124,3
Tejupilco,14,13,11,1,1,150,1
Temamatla,C,C,2,0,0,0,C
Temascalapa,11,11,11,0,4,47,0
Temascalcingo,27,17,17,1,2,0,10
Temascaltepec,36,28,28,0,5,75,8
Temoaya,9,7,7,1,1,5,2
Tenancingo,22,19,18,0,4,35,3
Tenango del Aire,4,4,4,0,0,0,0
Tenango del Valle,13,7,7,1,1,0,6
Teoloyucan,7,3,3,0,1,20,4
Teotihuacan,8,6,6,0,1,1,2
Tepetlaoxtoc,10,8,8,1,3,50,2
Tepetlixpa,4,3,3,2,0,0,1
Tepotzotlan,5,4,4,1,2,45,1
Tequixquiac,3,3,3,0,0,0,0
Texcaltitlan,8,3,2,1,1,60,5
Texcalyacac,C,C,1,0,0,0,C
Texcoco,31,28,28,3,7,59,3
Tezoyuca,C,C,2,0,0,0,C
Tianguistenco,3,1,1,0,0,0,2
Timilpan,7,6,6,0,0,0,1
Tlalmanalco,6,4,4,0,1,1,2
Tlalnepantla de Baz,5,4,3,0,1,0,1
Tlatlaya,23,17,17,1,3,80,6
Toluca,22,12,12,0,0,0,10
Tonatico,5,3,3,0,0,0,2
Tultepec,C,C,2,0,0,0,C
Tultitlan,4,4,4,0,1,10,0
Valle de Bravo,20,18,18,1,5,71,2
Villa de Allende,32,29,29,1,5,91,3
Villa del Carbon,11,9,9,0,1,72,2
Villa Guerrero,12,6,5,1,2,20,6
Villa Victoria,28,28,28,9,5,234,0
Xonacatlan,3,1,1,0,1,8,2
Zacazonapan,C,C,2,0,0,0,C
Zacualpan,12,9,9,0,0,0,3
Zinacantepec,18,15,15,0,1,39,3
Zumpahuacan,C,C,2,0,0,0,C
Zumpango,9,7,7,0,1,10,2
Cuautitlan Izcalli,9,6,6,1,1,0,3
Valle de Chalco Solidaridad,C,C,1,0,0,0,C
Luvianos,3,2,2,0,0,0,1
San Jose del Rincon,50,32,31,1,6,207,18
Michoacan de Ocampo,1910,1562,1548,55,175,2510,348
Acuitzio,8,5,5,1,2,34,3
Aguililla,16,16,16,0,1,15,0
alvaro Obregon,23,15,15,1,1,5,8
Angamacutiro,24,18,18,0,0,0,6
Angangueo,6,6,6,1,1,8,0
Apatzingan,51,41,40,2,17,144,10
Aporo,C,C,3,0,0,0,C
Aquila,7,4,4,0,0,0,3
Ario,40,32,32,0,3,32,8
Arteaga,20,17,16,3,7,95,3
Briseñas,4,4,4,0,0,0,0
Buenavista,47,35,35,0,4,49,12
Caracuaro,12,10,10,0,0,0,2
Coahuayana,12,12,12,1,2,12,0
Coalcoman de Vazquez Pallares,10,7,7,0,0,0,3
Coeneo,35,34,34,0,1,0,1
Contepec,30,29,29,0,4,67,1
Copandaro,5,5,5,0,0,0,0
Cotija,19,14,14,0,0,0,5
Cuitzeo,9,8,8,0,0,0,1
Charapan,4,2,2,0,0,0,2
Charo,17,14,14,3,1,12,3
Chavinda,12,7,7,0,0,0,5
Cheran,C,C,1,0,0,0,C
Chilchota,13,11,11,3,0,0,2
Chinicuila,8,7,7,1,2,7,1
Chucandiro,14,11,11,1,0,0,3
Churintzio,16,12,12,0,0,0,4
Churumuco,25,17,17,1,3,54,8
Ecuandureo,17,15,15,0,0,0,2
Epitacio Huerta,15,14,14,0,2,17,1
Erongaricuaro,12,5,4,2,0,0,7
Gabriel Zamora,7,7,7,0,1,12,0
Hidalgo,31,21,20,5,4,10,10
La Huacana,68,49,49,0,14,186,19
Huandacareo,5,4,4,0,0,0,1
Huaniqueo,20,17,17,0,0,0,3
Huetamo,54,41,41,1,2,1,13
Huiramba,5,5,5,0,0,0,0
Indaparapeo,12,10,10,2,3,20,2
Irimbo,6,6,6,0,1,10,0
Ixtlan,13,12,12,0,0,0,1
Jacona,4,3,3,0,0,0,1
Jimenez,20,19,19,1,0,0,1
Jiquilpan,10,10,10,0,1,0,0
Juarez,9,9,9,0,2,6,0
Jungapeo,17,11,11,0,2,29,6
Lagunillas,5,4,4,0,0,0,1
Madero,15,11,11,0,2,38,4
Maravatio,34,31,31,0,2,15,3
Marcos Castellanos,8,7,7,0,1,12,1
Lazaro Cardenas,22,15,15,0,3,18,7
Morelia,83,73,73,1,5,58,10
Morelos,8,7,7,0,1,10,1
Mugica,5,5,5,0,3,53,0
Nahuatzen,8,4,4,0,0,0,4
Nocupetaro,13,11,11,0,0,0,2
Nuevo Parangaricutiro,4,2,1,1,0,0,2
Nuevo Urecho,12,12,12,0,2,16,0
Numaran,8,8,8,0,1,5,0
Ocampo,9,9,9,0,0,0,0
Pajacuaran,10,10,10,1,0,0,0
Panindicuaro,18,16,16,0,1,10,2
Paracuaro,21,18,18,1,9,106,3
Paracho,8,5,5,0,0,0,3
Patzcuaro,32,25,25,0,3,81,7
Penjamillo,22,21,21,1,2,37,1
Periban,8,7,7,0,2,30,1
La Piedad,26,20,18,4,2,100,6
Purepero,3,1,1,0,0,0,2
Puruandiro,40,36,36,0,0,0,4
Querendaro,10,9,9,0,0,0,1
Quiroga,4,1,1,0,1,12,3
Cojumatlan de Regules,10,8,8,0,0,0,2
Los Reyes,18,11,11,0,0,0,7
Sahuayo,5,5,5,0,0,0,0
San Lucas,26,23,23,0,0,0,3
Santa Ana Maya,8,8,8,0,0,0,0
Salvador Escalante,37,32,31,3,2,13,5
Senguio,15,12,12,0,0,0,3
Susupuato,13,12,12,0,2,52,1
Tacambaro,20,16,15,0,3,124,4
Tancitaro,12,8,8,0,3,46,4
Tangamandapio,10,9,8,1,1,0,1
Tangancicuaro,21,17,16,3,0,0,4
Tanhuato,12,6,6,0,0,0,6
Taretan,14,11,11,1,5,65,3
Tarimbaro,29,24,24,2,0,0,5
Tepalcatepec,34,28,27,0,4,28,6
Tingambato,4,4,4,0,0,0,0
Tingüindin,7,2,2,0,0,0,5
Tiquicheo de Nicolas Romero,18,15,15,0,3,39,3
Tlalpujahua,11,11,11,1,0,0,0
Tlazazalca,10,10,9,1,1,40,0
Tocumbo,9,7,7,0,0,0,2
Tumbiscatio,12,10,10,0,3,42,2
Turicato,21,16,16,0,0,0,5
Tuxpan,16,16,16,0,2,17,0
Tuzantla,28,22,21,0,2,44,6
Tzintzuntzan,8,5,5,0,0,0,3
Tzitzio,4,4,4,1,0,0,0
Uruapan,31,19,19,0,3,49,12
Venustiano Carranza,8,8,8,0,1,5,0
Villamar,20,19,19,0,1,8,1
Vista Hermosa,6,3,3,0,0,0,3
Yurecuaro,13,11,11,2,1,10,2
Zacapu,24,19,19,0,1,6,5
Zamora,26,26,26,1,1,15,0
Zinaparo,7,6,6,0,0,0,1
Zinapecuaro,31,28,28,0,5,56,3
Ziracuaretiro,10,7,7,1,1,14,3
Zitacuaro,31,26,26,0,9,411,5
Jose Sixto Verduzco,18,15,15,0,0,0,3
Morelos,234,187,181,11,7,109,47
Amacuzac,4,3,2,1,0,0,1
Atlatlahucan,C,C,2,0,0,0,C
Axochiapan,7,7,7,0,0,0,0
Ayala,16,16,16,0,1,12,0
Coatlan del Rio,5,4,4,0,0,0,1
Cuautla,9,8,7,0,1,4,1
Cuernavaca,11,6,5,1,0,0,5
Emiliano Zapata,6,5,5,0,0,0,1
Huitzilac,C,C,1,0,0,0,C
Jantetelco,7,5,5,0,1,13,2
Jiutepec,7,5,5,0,0,0,2
Jojutla,9,8,7,1,0,0,1
Jonacatepec,4,4,4,0,0,0,0
Mazatepec,C,C,1,0,0,0,C
Miacatlan,6,5,5,0,0,0,1
Ocuituco,9,4,4,0,0,0,5
Puente de Ixtla,9,6,5,1,0,0,3
Temixco,8,6,6,0,0,0,2
Tepalcingo,10,10,10,1,2,14,0
Tepoztlan,C,C,0,0,0,0,C
Tetecala,3,3,3,0,0,0,0
Tetela del Volcan,7,4,4,0,0,0,3
Tlalnepantla,3,3,3,1,0,0,0
Tlaltizapan,17,15,14,4,0,0,2
Tlaquiltenango,19,17,17,0,1,52,2
Tlayacapan,7,3,3,0,0,0,4
Totolapan,6,5,5,0,1,14,1
Xochitepec,6,4,4,0,0,0,2
Yautepec,10,9,9,0,0,0,1
Yecapixtla,11,10,10,0,0,0,1
Zacatepec de Hidalgo,3,3,3,1,0,0,0
Zacualpan de Amilpas,C,C,2,0,0,0,C
Temoac,4,3,3,0,0,0,1
Nayarit,404,349,345,16,53,492,55
Acaponeta,24,22,22,1,5,36,2
Ahuacatlan,8,8,8,0,0,0,0
Amatlan de Cañas,17,14,14,0,4,32,3
Compostela,31,27,27,2,4,45,4
Huajicori,10,7,7,0,2,17,3
Ixtlan del Rio,10,8,8,1,1,9,2
Jala,10,9,8,0,2,22,1
Xalisco,16,16,15,1,4,34,0
Del Nayar,24,11,10,0,4,20,13
Rosamorada,32,30,29,1,10,130,2
Ruiz,7,7,7,0,0,0,0
San Blas,33,33,33,0,2,9,0
San Pedro Lagunillas,9,8,8,0,0,0,1
Santa Maria del Oro,17,15,15,5,4,32,2
Santiago Ixcuintla,58,52,52,2,3,15,6
Tecuala,25,24,24,0,2,27,1
Tepic,51,38,38,2,5,49,13
Tuxpan,6,5,5,0,0,0,1
La Yesca,4,4,4,0,0,0,0
Bahia de Banderas,12,11,11,1,1,15,1
Nuevo Leon,607,508,504,18,112,1141,99
Abasolo,C,C,1,0,1,0,C
Agualeguas,6,6,6,0,1,0,0
Los Aldamas,C,C,1,0,0,0,C
Allende,C,C,1,0,0,0,C
Anahuac,13,10,10,0,4,0,3
Apodaca,C,C,0,0,0,0,C
Aramberri,43,37,37,1,9,113,6
Bustamante,C,C,2,1,2,10,C
Cadereyta Jimenez,32,31,31,1,19,104,1
Carmen,C,C,0,0,0,0,C
Cerralvo,C,C,0,0,0,0,C
Cienega de Flores,C,C,2,0,0,0,C
China,4,2,2,0,0,0,2
Dr. Arroyo,106,97,97,2,17,310,9
Dr. Gonzalez,3,2,2,0,1,0,1
Galeana,110,96,95,0,11,179,14
Garcia,11,9,9,0,2,0,2
Gral. Bravo,C,C,1,0,0,0,C
Gral. Escobedo,C,C,1,0,0,0,C
Gral. Teran,16,14,14,1,4,88,2
Gral. Zaragoza,15,13,13,0,2,25,2
Gral. Zuazua,C,C,1,0,1,10,C
Guadalupe,C,C,0,0,0,0,C
Hualahuises,5,4,4,1,2,0,1
Iturbide,12,10,10,1,0,0,2
Juarez,4,1,0,0,1,11,3
Lampazos de Naranjo,7,6,6,1,3,0,1
Linares,68,58,58,0,10,36,10
Marin,C,C,1,0,1,8,C
Mier y Noriega,14,12,12,0,1,0,2
Mina,23,17,16,4,3,23,6
Montemorelos,26,25,24,0,4,39,1
Monterrey,C,C,0,0,0,0,C
Paras,3,1,1,0,1,0,2
Pesqueria,8,7,7,0,3,25,1
Los Ramones,4,4,4,2,1,0,0
Rayones,8,4,4,1,0,0,4
Sabinas Hidalgo,9,7,7,1,1,8,2
Salinas Victoria,7,5,5,0,3,80,2
Hidalgo,C,C,0,0,0,0,C
Santa Catarina,5,3,3,0,0,0,2
Santiago,9,6,6,0,0,0,3
Vallecillo,11,6,6,1,3,72,5
Villaldama,5,4,4,0,1,0,1
Oaxaca,1632,1295,1282,55,111,1536,337
Abejones,C,C,1,0,0,0,C
Acatlan de Perez Figueroa,38,34,34,0,1,0,4
Asuncion Cacalotepec,C,C,1,0,0,0,C
Asuncion Cuyotepeji,C,C,1,0,0,0,C
Asuncion Ixtaltepec,11,8,8,0,0,0,3
Asuncion Nochixtlan,11,7,7,0,0,0,4
Asuncion Tlacolulita,C,C,1,0,0,0,C
Ayotzintepec,6,5,5,0,1,12,1
El Barrio de la Soledad,C,C,2,0,0,0,C
Calihuala,4,3,3,0,0,0,1
Candelaria Loxicha,C,C,1,0,0,0,C
Cienega de Zimatlan,C,C,1,0,1,12,C
Ciudad Ixtepec,C,C,0,0,0,0,C
Coatecas Altas,C,C,2,0,0,0,C
Coicoyan de las Flores,C,C,0,0,0,0,C
La Compañia,C,C,3,0,0,0,C
Concepcion Buenavista,4,4,4,0,0,0,0
Concepcion Papalo,C,C,2,0,0,0,C
Constancia del Rosario,C,C,2,0,0,0,C
Cosolapa,8,6,6,1,1,6,2
Cosoltepec,3,3,2,0,1,0,0
Cuilapam de Guerrero,4,3,3,0,0,0,1
Cuyamecalco Villa de Zaragoza,C,C,1,0,0,0,C
Chahuites,C,C,1,0,0,0,C
Chalcatongo de Hidalgo,C,C,2,0,0,0,C
Chiquihuitlan de Benito Juarez,C,C,1,0,0,0,C
Heroica Ciudad de Ejutla de Crespo,13,9,9,0,0,0,4
Tamazulapam del Espiritu Santo,C,C,1,0,0,0,C
Fresnillo de Trujano,C,C,1,0,0,0,C
Guadalupe Etla,C,C,1,0,0,0,C
Guadalupe de Ramirez,C,C,2,0,0,0,C
Guelatao de Juarez,C,C,1,0,0,0,C
Guevea de Humboldt,C,C,1,0,0,0,C
Mesones Hidalgo,3,2,2,0,0,0,1
Villa Hidalgo,C,C,0,0,0,0,C
Heroica Ciudad de Huajuapan de Leon,8,8,8,0,0,0,0
Huautepec,C,C,0,0,0,0,C
Ixtlan de Juarez,10,7,7,0,1,30,3
Heroica Ciudad de Juchitan de Zaragoza,5,3,3,0,0,0,2
Loma Bonita,37,17,17,3,7,36,20
Magdalena Apasco,4,3,3,1,0,0,1
Magdalena Jaltepec,C,C,2,0,0,0,C
Santa Magdalena Jicotlan,C,C,1,0,0,0,C
Magdalena Mixtepec,C,C,2,1,0,0,C
Magdalena Ocotlan,C,C,1,0,0,0,C
Magdalena Peñasco,C,C,1,0,0,0,C
Magdalena Teitipac,C,C,1,0,0,0,C
Magdalena Tequisistlan,3,3,3,0,0,0,0
Magdalena Tlacotepec,C,C,0,0,0,0,C
Magdalena Zahuatlan,C,C,1,0,0,0,C
Mariscala de Juarez,3,2,2,0,0,0,1
Martires de Tacubaya,C,C,2,0,0,0,C
Matias Romero Avendaño,24,22,22,2,6,27,2
Miahuatlan de Porfirio Diaz,9,8,8,1,1,20,1
Mixistlan de la Reforma,C,C,2,0,0,0,C
Monjas,C,C,0,0,0,0,C
Nazareno Etla,C,C,0,0,0,0,C
Nejapa de Madero,9,7,7,0,0,0,2
Ixpantepec Nieves,3,3,3,1,0,0,0
Santiago Niltepec,4,3,3,0,0,0,1
Oaxaca de Juarez,9,5,5,0,1,12,4
Ocotlan de Morelos,10,7,6,0,1,25,3
"La ""Pe""",C,C,2,0,0,0,C
Pinotepa de Don Luis,C,C,1,1,0,0,C
San Jose del Progreso,C,C,1,0,0,0,C
Putla Villa de Guerrero,15,14,14,0,0,0,1
Santa Catarina Quioquitani,C,C,1,0,0,0,C
Reforma de Pineda,C,C,1,1,0,0,C
La Reforma,4,3,3,0,0,0,1
Reyes Etla,C,C,2,0,0,0,C
Rojas de Cuauhtemoc,C,C,1,0,0,0,C
Salina Cruz,3,3,3,0,0,0,0
San Agustin Amatengo,C,C,1,0,0,0,C
San Agustin Atenango,C,C,2,0,0,0,C
San Agustin Chayuco,5,4,4,0,0,0,1
San Agustin de las Juntas,C,C,2,0,0,0,C
San Agustin Etla,C,C,0,0,0,0,C
San Agustin Loxicha,C,C,1,0,0,0,C
San Agustin Tlacotepec,C,C,1,0,0,0,C
San Agustin Yatareni,C,C,1,0,0,0,C
San Andres Cabecera Nueva,C,C,1,1,0,0,C
San Andres Dinicuiti,3,3,3,0,0,0,0
San Andres Huaxpaltepec,C,C,1,0,0,0,C
San Andres Huayapam,C,C,1,0,1,10,C
San Andres Ixtlahuaca,C,C,1,0,0,0,C
San Andres Lagunas,C,C,1,0,0,0,C
San Andres Nuxiño,C,C,1,0,1,20,C
San Andres Sinaxtla,C,C,2,0,0,0,C
San Andres Solaga,3,2,2,0,0,0,1
San Andres Teotilalpam,C,C,2,0,0,0,C
San Andres Yaa,C,C,1,0,0,0,C
San Andres Zabache,C,C,0,0,0,0,C
San Andres Zautla,3,2,2,0,1,0,1
San Antonino Castillo Velasco,C,C,0,0,0,0,C
San Antonino el Alto,C,C,2,1,0,0,C
San Antonino Monte Verde,C,C,0,0,0,0,C
San Antonio Acutla,C,C,1,0,0,0,C
San Antonio de la Cal,C,C,1,0,0,0,C
San Antonio Huitepec,C,C,2,0,0,0,C
San Antonio Nanahuatipam,3,3,3,0,1,6,0
San Antonio Sinicahua,C,C,1,0,0,0,C
San Antonio Tepetlapa,3,3,3,0,0,0,0
San Baltazar Chichicapam,C,C,1,0,0,0,C
San Baltazar Loxicha,C,C,2,0,0,0,C
San Baltazar Yatzachi el Bajo,4,3,3,0,0,0,1
San Bartolo Coyotepec,4,2,2,0,1,50,2
San Bartolome Ayautla,C,C,2,0,0,0,C
San Bartolome Loxicha,C,C,1,0,0,0,C
San Bartolome Quialana,C,C,0,0,0,0,C
San Bartolome Yucuañe,C,C,0,0,0,0,C
San Bartolome Zoogocho,C,C,0,0,0,0,C
San Bartolo Soyaltepec,C,C,2,0,0,0,C
San Bartolo Yautepec,C,C,1,0,0,0,C
San Bernardo Mixtepec,3,3,3,0,1,15,0
San Blas Atempa,C,C,1,0,0,0,C
San Carlos Yautepec,18,10,10,1,1,0,8
San Cristobal Amatlan,4,3,3,1,1,150,1
San Cristobal Amoltepec,C,C,1,0,0,0,C
San Cristobal Suchixtlahuaca,C,C,1,0,0,0,C
San Dionisio del Mar,C,C,1,0,0,0,C
San Dionisio Ocotepec,5,4,3,1,0,0,1
San Dionisio Ocotlan,C,C,2,0,1,0,C
San Esteban Atatlahuca,C,C,2,0,0,0,C
San Felipe Jalapa de Diaz,12,12,12,0,0,0,0
San Felipe Tejalapam,C,C,0,0,0,0,C
San Felipe Usila,8,6,6,1,0,0,2
San Francisco Cahuacua,C,C,2,0,0,0,C
San Francisco Cajonos,C,C,2,0,0,0,C
San Francisco Chapulapa,C,C,2,0,0,0,C
San Francisco Chindua,C,C,2,0,0,0,C
San Francisco del Mar,C,C,1,0,0,0,C
San Francisco Huehuetlan,C,C,1,0,0,0,C
San Francisco Ixhuatan,3,3,3,0,0,0,0
San Francisco Jaltepetongo,C,C,1,0,0,0,C
San Francisco Lachigolo,C,C,1,0,0,0,C
San Francisco Nuxaño,C,C,1,0,0,0,C
San Francisco Ozolotepec,3,3,3,0,0,0,0
San Francisco Sola,C,C,1,0,0,0,C
San Francisco Telixtlahuaca,C,C,1,0,0,0,C
San Francisco Teopan,C,C,1,0,0,0,C
San Francisco Tlapancingo,C,C,1,0,0,0,C
San Gabriel Mixtepec,C,C,0,0,0,0,C
San Ildefonso Amatlan,C,C,1,0,0,0,C
San Ildefonso Sola,C,C,1,0,0,0,C
San Ildefonso Villa Alta,5,5,5,0,0,0,0
San Jacinto Amilpas,C,C,1,0,0,0,C
San Jacinto Tlacotepec,C,C,1,0,0,0,C
San Jeronimo Coatlan,C,C,2,0,0,0,C
San Jeronimo Silacayoapilla,C,C,1,0,0,0,C
San Jeronimo Sosola,6,5,5,0,0,0,1
San Jeronimo Taviche,C,C,1,1,1,0,C
San Jeronimo Tecoatl,C,C,0,0,0,0,C
San Jorge Nuchita,3,2,2,0,0,0,1
San Jose Ayuquila,C,C,1,0,0,0,C
San Jose Chiltepec,11,7,7,0,3,10,4
San Jose del Peñasco,C,C,1,0,0,0,C
San Jose Estancia Grande,C,C,1,0,0,0,C
San Jose Tenango,C,C,0,0,0,0,C
San Juan Achiutla,C,C,1,0,0,0,C
San Juan Atepec,C,C,1,0,0,0,C
Animas Trujano,C,C,1,0,0,0,C
San Juan Bautista Atatlahuca,3,2,2,0,0,0,1
San Juan Bautista Coixtlahuaca,3,3,3,0,0,0,0
San Juan Bautista Cuicatlan,16,12,12,1,1,22,4
San Juan Bautista Guelache,3,2,2,1,1,5,1
San Juan Bautista Jayacatlan,C,C,0,0,0,0,C
San Juan Bautista lo de Soto,C,C,1,0,0,0,C
San Juan Bautista Suchitepec,C,C,2,0,0,0,C
San Juan Bautista Tlacoatzintepec,C,C,0,0,0,0,C
San Juan Bautista Tlachichilco,C,C,1,0,0,0,C
San Juan Bautista Tuxtepec,68,61,61,0,6,25,7
San Juan Cacahuatepec,6,6,6,0,0,0,0
San Juan Cieneguilla,C,C,0,0,0,0,C
San Juan Coatzospam,C,C,0,0,0,0,C
San Juan Colorado,6,6,6,0,0,0,0
San Juan Comaltepec,3,3,3,0,1,25,0
San Juan Cotzocon,18,12,12,1,6,87,6
San Juan Chicomezuchil,C,C,1,0,0,0,C
San Juan Chilateca,C,C,1,0,0,0,C
San Juan del Estado,C,C,1,0,0,0,C
San Juan del Rio,C,C,1,0,0,0,C
San Juan Diuxi,C,C,1,0,0,0,C
San Juan Evangelista Analco,C,C,1,0,0,0,C
San Juan Guelavia,C,C,1,0,0,0,C
San Juan Guichicovi,31,26,26,2,3,49,5
San Juan Ihualtepec,C,C,1,0,0,0,C
San Juan Juquila Mixes,C,C,0,0,0,0,C
San Juan Juquila Vijanos,C,C,1,0,0,0,C
San Juan Lachao,C,C,0,0,0,0,C
San Juan Lachigalla,4,3,3,0,0,0,1
San Juan Lajarcia,C,C,1,0,0,0,C
San Juan Lalana,4,3,3,0,0,0,1
San Juan de los Cues,C,C,1,0,0,0,C
San Juan Mazatlan,20,12,12,0,4,10,8
San Juan Mixtepec -Dto. 08-,C,C,1,0,0,0,C
San Juan Mixtepec -Dto. 26-,C,C,1,0,0,0,C
San Juan Ñumi,3,3,3,0,0,0,0
San Juan Ozolotepec,4,4,4,0,0,0,0
San Juan Petlapa,6,4,4,0,0,0,2
San Juan Quiahije,C,C,1,0,0,0,C
San Juan Quiotepec,4,4,4,1,0,0,0
San Juan Sayultepec,3,2,2,1,0,0,1
San Juan Tabaa,C,C,1,0,0,0,C
San Juan Tamazola,C,C,2,0,0,0,C
San Juan Teita,C,C,0,0,0,0,C
San Juan Teitipac,C,C,1,0,0,0,C
San Juan Tepeuxila,5,5,5,0,0,0,0
San Juan Teposcolula,C,C,2,0,0,0,C
San Juan Yaee,3,3,3,0,0,0,0
San Juan Yatzona,C,C,1,0,0,0,C
San Juan Yucuita,C,C,2,0,0,0,C
San Lorenzo,3,2,2,0,0,0,1
San Lorenzo Albarradas,3,3,3,0,0,0,0
San Lorenzo Cacaotepec,3,2,2,0,0,0,1
San Lorenzo Texmelucan,C,C,1,0,0,0,C
San Lorenzo Victoria,C,C,2,0,0,0,C
San Lucas Camotlan,C,C,2,0,0,0,C
San Lucas Ojitlan,31,15,15,0,0,0,16
San Lucas Quiavini,C,C,1,0,1,10,C
San Luis Amatlan,C,C,2,0,0,0,C
San Marcos Arteaga,3,2,2,0,0,0,1
San Martin de los Cansecos,C,C,1,0,0,0,C
San Martin Huamelulpam,C,C,1,0,0,0,C
San Martin Itunyoso,C,C,0,0,0,0,C
San Martin Lachila,C,C,1,0,0,0,C
San Martin Peras,C,C,0,0,0,0,C
San Martin Tilcajete,C,C,1,0,0,0,C
San Martin Toxpalan,C,C,2,0,0,0,C
San Mateo Cajonos,C,C,0,0,0,0,C
Capulalpam de Mendez,C,C,1,0,1,12,C
San Mateo del Mar,C,C,0,0,0,0,C
San Mateo Etlatongo,C,C,1,0,0,0,C
San Mateo Nejapam,C,C,1,0,0,0,C
San Mateo Peñasco,C,C,1,0,0,0,C
San Mateo Rio Hondo,C,C,1,0,0,0,C
San Mateo Sindihui,C,C,1,0,0,0,C
San Mateo Tlapiltepec,C,C,1,0,0,0,C
San Melchor Betaza,C,C,2,0,0,0,C
San Miguel Achiutla,C,C,2,0,0,0,C
San Miguel Aloapam,C,C,1,0,0,0,C
San Miguel Amatitlan,9,5,5,0,0,0,4
San Miguel Coatlan,C,C,1,0,0,0,C
San Miguel Chicahua,C,C,1,0,0,0,C
San Miguel Chimalapa,C,C,1,0,0,0,C
San Miguel del Puerto,3,3,3,0,0,0,0
San Miguel Ejutla,C,C,0,0,0,0,C
San Miguel el Grande,C,C,0,0,0,0,C
San Miguel Huautla,C,C,1,0,0,0,C
San Miguel Mixtepec,C,C,1,0,0,0,C
San Miguel Panixtlahuaca,C,C,0,0,0,0,C
San Miguel Peras,C,C,1,0,0,0,C
San Miguel Piedras,C,C,1,0,0,0,C
San Miguel Quetzaltepec,C,C,0,0,0,0,C
San Miguel Santa Flor,C,C,1,0,0,0,C
Villa Sola de Vega,6,6,6,0,0,0,0
San Miguel Soyaltepec,35,32,32,0,5,0,3
San Miguel Suchixtepec,C,C,1,0,0,0,C
Villa Talea de Castro,3,2,2,0,0,0,1
San Miguel Tecomatlan,C,C,1,0,0,0,C
San Miguel Tenango,C,C,1,0,0,0,C
San Miguel Tequixtepec,C,C,2,0,0,0,C
San Miguel Tilquiapam,C,C,1,0,0,0,C
San Miguel Tlacamama,4,4,4,0,0,0,0
San Miguel Tlacotepec,C,C,1,0,0,0,C
San Miguel Tulancingo,C,C,0,0,0,0,C
San Miguel Yotao,C,C,1,0,0,0,C
San Nicolas Hidalgo,C,C,1,0,0,0,C
San Pablo Coatlan,3,3,3,0,0,0,0
San Pablo Cuatro Venados,C,C,1,0,0,0,C
San Pablo Etla,3,3,3,0,0,0,0
San Pablo Huitzo,C,C,2,0,0,0,C
San Pablo Huixtepec,C,C,1,0,1,25,C
San Pablo Macuiltianguis,C,C,1,0,0,0,C
San Pablo Tijaltepec,C,C,1,0,0,0,C
San Pablo Villa de Mitla,6,5,4,0,2,11,1
San Pablo Yaganiza,C,C,1,0,0,0,C
San Pedro Amuzgos,C,C,1,0,1,30,C
San Pedro Apostol,C,C,1,0,0,0,C
San Pedro Atoyac,3,3,3,0,0,0,0
San Pedro Cajonos,C,C,0,0,0,0,C
San Pedro Coxcaltepec Cantaros,C,C,2,0,0,0,C
San Pedro Comitancillo,C,C,0,0,0,0,C
San Pedro el Alto,C,C,1,0,0,0,C
San Pedro Huamelula,4,3,3,0,0,0,1
San Pedro Huilotepec,C,C,0,1,0,0,C
San Pedro Ixcatlan,8,7,7,0,0,0,1
San Pedro Ixtlahuaca,C,C,0,0,0,0,C
San Pedro Jaltepetongo,C,C,1,0,0,0,C
San Pedro Jicayan,C,C,1,0,0,0,C
San Pedro Jocotipac,C,C,1,0,0,0,C
San Pedro Juchatengo,C,C,1,0,0,0,C
San Pedro Martir,C,C,1,0,0,0,C
San Pedro Martir Quiechapa,C,C,1,0,0,0,C
San Pedro Martir Yucuxaco,C,C,1,0,0,0,C
San Pedro Mixtepec -Dto. 22-,C,C,0,0,0,0,C
San Pedro Mixtepec -Dto. 26-,C,C,1,0,0,0,C
San Pedro Molinos,C,C,0,0,0,0,C
San Pedro Nopala,C,C,1,0,0,0,C
San Pedro Ocopetatillo,C,C,0,0,0,0,C
San Pedro Ocotepec,C,C,0,0,0,0,C
San Pedro Pochutla,C,C,2,0,0,0,C
San Pedro Quiatoni,C,C,1,0,0,0,C
San Pedro Sochiapam,5,5,5,0,0,0,0
San Pedro Tapanatepec,8,4,4,1,2,22,4
San Pedro Taviche,C,C,2,0,0,0,C
San Pedro Teozacoalco,C,C,1,0,0,0,C
San Pedro Teutila,3,3,3,0,0,0,0
San Pedro Tidaa,C,C,1,0,0,0,C
San Pedro Topiltepec,C,C,2,0,0,0,C
San Pedro Totolapa,3,3,3,0,0,0,0
Villa de Tututepec de Melchor Ocampo,6,6,5,3,0,0,0
San Pedro Yaneri,C,C,2,0,0,0,C
San Pedro Yolox,6,4,4,1,1,4,2
San Pedro y San Pablo Ayutla,C,C,0,0,0,0,C
Villa de Etla,C,C,2,0,1,0,C
San Pedro y San Pablo Teposcolula,7,7,7,0,0,0,0
San Pedro y San Pablo Tequixtepec,8,8,8,1,0,0,0
San Pedro Yucunama,C,C,1,0,0,0,C
San Raymundo Jalpan,C,C,1,0,0,0,C
San Sebastian Abasolo,C,C,2,0,0,0,C
San Sebastian Coatlan,C,C,1,0,0,0,C
San Sebastian Ixcapa,7,7,7,0,0,0,0
San Sebastian Nicananduta,C,C,1,0,0,0,C
San Sebastian Rio Hondo,4,4,4,0,0,0,0
San Sebastian Tecomaxtlahuaca,3,0,0,0,0,0,3
San Sebastian Teitipac,C,C,2,0,0,0,C
San Sebastian Tutla,C,C,1,0,1,0,C
San Simon Almolongas,C,C,1,0,0,0,C
San Simon Zahuatlan,C,C,0,0,0,0,C
Santa Ana,C,C,1,0,0,0,C
Santa Ana Cuauhtemoc,C,C,1,0,0,0,C
Santa Ana del Valle,C,C,1,0,0,0,C
Santa Ana Tavela,C,C,1,0,1,0,C
Santa Ana Tlapacoyan,C,C,1,0,0,0,C
Santa Ana Yareni,C,C,0,0,0,0,C
Santa Ana Zegache,C,C,2,0,0,0,C
Santa Catalina Quieri,C,C,1,0,0,0,C
Santa Catarina Cuixtla,C,C,0,0,0,0,C
Santa Catarina Ixtepeji,C,C,2,0,0,0,C
Santa Catarina Juquila,6,1,1,0,0,0,5
Santa Catarina Lachatao,C,C,1,0,0,0,C
Santa Catarina Loxicha,C,C,1,0,0,0,C
Santa Catarina Mechoacan,C,C,1,0,0,0,C
Santa Catarina Minas,C,C,1,0,0,0,C
Santa Catarina Quiane,C,C,1,0,0,0,C
Santa Catarina Tayata,C,C,1,0,0,0,C
Santa Catarina Ticua,C,C,1,0,0,0,C
Santa Catarina Yosonotu,C,C,1,0,0,0,C
Santa Catarina Zapoquila,3,3,3,0,0,0,0
Santa Cruz Amilpas,C,C,0,2,0,0,C
Santa Cruz Itundujia,C,C,2,0,1,45,C
Santa Cruz Mixtepec,4,4,4,0,1,0,0
Santa Cruz Nundaco,C,C,1,0,0,0,C
Santa Cruz Papalutla,C,C,1,0,0,0,C
Santa Cruz Tacache de Mina,C,C,2,0,0,0,C
Santa Cruz Tacahua,C,C,0,0,0,0,C
Santa Cruz Tayata,C,C,1,0,1,30,C
Santa Cruz Xitla,C,C,1,0,0,0,C
Santa Cruz Xoxocotlan,5,3,3,0,0,0,2
Santa Cruz Zenzontepec,C,C,1,0,0,0,C
Santa Gertrudis,5,3,3,0,1,2,2
Santa Ines del Monte,C,C,1,0,0,0,C
Santa Lucia del Camino,C,C,1,0,0,0,C
Santa Lucia Miahuatlan,C,C,1,0,0,0,C
Santa Lucia Monteverde,4,4,4,0,0,0,0
Santa Lucia Ocotlan,C,C,1,0,0,0,C
Santa Maria Alotepec,3,2,2,0,0,0,1
Santa Maria Apazco,C,C,1,0,0,0,C
Heroica Ciudad de Tlaxiaco,8,7,7,0,1,69,1
Ayoquezco de Aldama,C,C,0,0,0,0,C
Santa Maria Atzompa,C,C,1,0,0,0,C
Santa Maria Camotlan,C,C,1,0,0,0,C
Santa Maria Colotepec,C,C,1,0,0,0,C
Santa Maria Cortijo,C,C,1,0,0,0,C
Santa Maria Coyotepec,C,C,2,0,0,0,C
Santa Maria Chachoapam,C,C,2,0,0,0,C
Villa de Chilapa de Diaz,4,3,3,1,0,0,1
Santa Maria Chilchotla,5,4,3,1,4,66,1
Santa Maria Chimalapa,3,2,2,0,0,0,1
Santa Maria del Rosario,C,C,1,0,0,0,C
Santa Maria del Tule,3,3,3,0,0,0,0
Santa Maria Ecatepec,9,4,4,0,0,0,5
Santa Maria Guelace,C,C,1,0,0,0,C
Santa Maria Guienagati,C,C,1,0,0,0,C
Santa Maria Huatulco,C,C,1,0,0,0,C
Santa Maria Huazolotitlan,6,6,6,1,0,0,0
Santa Maria Ipalapa,3,3,3,0,0,0,0
Santa Maria Ixcatlan,C,C,1,0,1,10,C
Santa Maria Jacatepec,15,10,10,0,1,0,5
Santa Maria Jalapa del Marques,C,C,0,0,0,0,C
Santa Maria Jaltianguis,C,C,1,0,0,0,C
Santa Maria Mixtequilla,C,C,1,0,0,0,C
Santa Maria Nativitas,C,C,1,1,0,0,C
Santa Maria Nduayaco,3,2,2,0,0,0,1
Santa Maria Papalo,C,C,1,0,0,0,C
Santa Maria Peñoles,4,3,3,0,0,0,1
Santa Maria Petapa,C,C,0,0,0,0,C
Santa Maria Quiegolani,C,C,1,0,0,0,C
Santa Maria Sola,4,3,3,0,0,0,1
Santa Maria Tataltepec,C,C,1,0,0,0,C
Santa Maria Tecomavaca,C,C,1,0,0,0,C
Santa Maria Temaxcalapa,C,C,1,0,1,12,C
Santa Maria Temaxcaltepec,C,C,1,0,0,0,C
Santa Maria Teopoxco,C,C,1,0,0,0,C
Santa Maria Tepantlali,C,C,1,0,0,0,C
Santa Maria Texcatitlan,C,C,1,1,0,0,C
Santa Maria Tlahuitoltepec,C,C,2,0,0,0,C
Santa Maria Tlalixtac,C,C,1,0,0,0,C
Santa Maria Tonameca,C,C,2,0,0,0,C
Santa Maria Totolapilla,C,C,0,0,1,27,C
Santa Maria Yalina,C,C,1,0,0,0,C
Santa Maria Yolotepec,C,C,1,0,0,0,C
Santa Maria Yosoyua,C,C,1,0,0,0,C
Santa Maria Yucuhiti,C,C,2,0,0,0,C
Santa Maria Zacatepec,C,C,1,0,0,0,C
Santa Maria Zaniza,C,C,1,0,0,0,C
Santa Maria Zoquitlan,C,C,1,0,0,0,C
Santiago Amoltepec,C,C,1,0,0,0,C
Santiago Apoala,C,C,1,0,0,0,C
Santiago Astata,C,C,1,0,0,0,C
Santiago Atitlan,C,C,1,0,0,0,C
Santiago Ayuquililla,C,C,2,0,0,0,C
Santiago Cacaloxtepec,C,C,1,0,0,0,C
Santiago Camotlan,4,2,2,1,0,0,2
Santiago Comaltepec,C,C,1,0,0,0,C
Santiago Chazumba,10,9,9,0,1,0,1
Santiago Choapam,6,5,5,0,0,0,1
Santiago del Rio,C,C,2,0,0,0,C
Santiago Huajolotitlan,7,6,6,0,2,12,1
Santiago Huauclilla,4,2,2,0,1,60,2
Santiago Ihuitlan Plumas,C,C,2,0,0,0,C
Santiago Ixcuintepec,C,C,1,0,0,0,C
Santiago Ixtayutla,7,6,6,0,0,0,1
Santiago Jamiltepec,6,5,5,0,0,0,1
Santiago Jocotepec,23,13,12,0,7,37,10
Santiago Juxtlahuaca,10,6,5,2,1,40,4
Santiago Lachiguiri,C,C,2,0,0,0,C
Santiago Lalopa,C,C,1,0,0,0,C
Santiago Laollaga,C,C,1,0,0,0,C
Santiago Laxopa,3,3,3,0,0,0,0
Santiago Llano Grande,3,3,3,0,0,0,0
Santiago Matatlan,3,2,2,0,0,0,1
Santiago Minas,C,C,1,0,0,0,C
Santiago Nacaltepec,5,4,4,0,0,0,1
Santiago Nejapilla,C,C,1,0,0,0,C
Santiago Nundiche,C,C,1,0,0,0,C
Santiago Nuyoo,3,3,3,0,0,0,0
Santiago Pinotepa Nacional,23,20,20,0,0,0,3
Santiago Suchilquitongo,6,4,4,2,0,0,2
Santiago Tamazola,4,4,4,0,1,90,0
Santiago Tapextla,3,3,3,0,0,0,0
Villa Tejupam de la Union,C,C,1,1,0,0,C
Santiago Tenango,C,C,1,0,0,0,C
Santiago Tepetlapa,C,C,1,0,0,0,C
Santiago Tetepec,6,6,6,1,0,0,0
Santiago Texcalcingo,C,C,1,0,0,0,C
Santiago Textitlan,C,C,2,0,0,0,C
Santiago Tilantongo,C,C,1,0,0,0,C
Santiago Tillo,C,C,2,1,0,0,C
Santiago Tlazoyaltepec,C,C,0,0,0,0,C
Santiago Xanica,C,C,2,0,0,0,C
Santiago Xiacui,3,2,2,0,0,0,1
Santiago Yaitepec,C,C,0,0,0,0,C
Santiago Yaveo,8,6,6,1,1,10,2
Santiago Yosondua,4,4,4,0,0,0,0
Santiago Yucuyachi,C,C,1,0,0,0,C
Santiago Zacatepec,3,3,3,0,0,0,0
Santiago Zoochila,C,C,1,1,0,0,C
Nuevo Zoquiapam,C,C,1,0,1,25,C
Santo Domingo Ingenio,C,C,1,0,0,0,C
Santo Domingo Albarradas,C,C,1,0,0,0,C
Santo Domingo Armenta,C,C,1,0,0,0,C
Santo Domingo Chihuitan,C,C,1,0,1,40,C
Santo Domingo de Morelos,C,C,1,0,0,0,C
Santo Domingo Ixcatlan,C,C,1,0,0,0,C
Santo Domingo Nuxaa,C,C,1,0,0,0,C
Santo Domingo Ozolotepec,C,C,0,0,0,0,C
Santo Domingo Petapa,C,C,1,0,0,0,C
Santo Domingo Roayaga,C,C,1,0,0,0,C
Santo Domingo Tehuantepec,17,15,15,3,3,65,2
Santo Domingo Teojomulco,C,C,1,0,0,0,C
Santo Domingo Tepuxtepec,C,C,0,0,0,0,C
Santo Domingo Tlatayapam,C,C,1,0,0,0,C
Santo Domingo Tomaltepec,C,C,1,0,0,0,C
Santo Domingo Tonala,4,1,1,0,0,0,3
Santo Domingo Tonaltepec,C,C,1,0,0,0,C
Santo Domingo Xagacia,C,C,0,0,0,0,C
Santo Domingo Yanhuitlan,C,C,1,0,0,0,C
Santo Domingo Zanatepec,6,5,5,0,1,23,1
Santos Reyes Nopala,4,4,4,0,0,0,0
Santos Reyes Papalo,C,C,0,0,0,0,C
Santos Reyes Tepejillo,C,C,1,0,0,0,C
Santos Reyes Yucuna,C,C,1,0,0,0,C
Santo Tomas Jalieza,5,3,3,1,0,0,2
Santo Tomas Mazaltepec,C,C,1,0,0,0,C
Santo Tomas Ocotepec,C,C,1,0,0,0,C
San Vicente Coatlan,C,C,1,0,0,0,C
San Vicente Lachixio,C,C,2,0,0,0,C
San Vicente Nuñu,C,C,1,0,0,0,C
Silacayoapam,9,7,7,1,0,0,2
Soledad Etla,C,C,1,0,0,0,C
Villa de Tamazulapam del Progreso,C,C,1,0,0,0,C
Tanetze de Zaragoza,C,C,2,0,0,0,C
Taniche,C,C,1,0,0,0,C
Tataltepec de Valdes,C,C,2,0,0,0,C
Teococuilco de Marcos Perez,C,C,0,0,0,0,C
Teotitlan de Flores Magon,C,C,1,0,0,0,C
Teotitlan del Valle,C,C,1,0,0,0,C
Teotongo,C,C,1,0,0,0,C
Tepelmeme Villa de Morelos,C,C,1,0,0,0,C
Tezoatlan de Segura y Luna,9,9,9,0,0,0,0
San Jeronimo Tlacochahuaya,3,3,3,0,0,0,0
Tlacolula de Matamoros,6,4,4,0,0,0,2
Tlacotepec Plumas,C,C,1,0,0,0,C
Tlalixtac de Cabrera,C,C,2,0,0,0,C
Totontepec Villa de Morelos,11,10,10,0,3,88,1
Trinidad Zaachila,5,1,1,0,0,0,4
La Trinidad Vista Hermosa,C,C,1,0,1,7,C
Valerio Trujano,C,C,1,0,0,0,C
San Juan Bautista Valle Nacional,24,19,19,0,0,0,5
Villa Diaz Ordaz,3,3,3,0,0,0,0
Yaxe,C,C,1,0,0,0,C
Magdalena Yodocono de Porfirio Diaz,C,C,1,0,0,0,C
Yogana,C,C,2,0,0,0,C
Yutanduchi de Guerrero,C,C,1,0,0,0,C
Villa de Zaachila,3,2,2,0,0,0,1
Zapotitlan del Rio,C,C,2,0,0,0,C
Zapotitlan Lagunas,C,C,1,0,0,0,C
Zapotitlan Palmas,C,C,2,0,0,0,C
Santa Ines de Zaragoza,C,C,1,0,0,0,C
Zimatlan de alvarez,8,7,7,0,0,0,1
Puebla,1194,968,956,52,115,1298,226
Acajete,8,5,5,0,0,0,3
Acateno,4,2,2,0,1,30,2
Acatlan,16,14,14,0,0,0,2
Acatzingo,9,9,9,6,1,3,0
Acteopan,C,C,1,0,0,0,C
Ahuacatlan,C,C,0,0,0,0,C
Ahuatlan,C,C,1,0,0,0,C
Ahuazotepec,6,6,6,0,0,0,0
Ahuehuetitla,3,3,3,0,0,0,0
Ajalpan,10,9,9,0,0,0,1
Albino Zertuche,C,C,0,0,0,0,C
Aljojuca,4,4,4,0,1,10,0
Altepexi,C,C,0,0,0,0,C
Amixtlan,C,C,1,0,0,0,C
Amozoc,7,5,5,0,0,0,2
Aquixtla,5,2,2,0,0,0,3
Atexcal,9,8,8,0,1,15,1
Atlixco,29,27,27,0,0,0,2
Atoyatempan,C,C,1,0,0,0,C
Atzala,C,C,1,0,1,15,C
Atzitzihuacan,9,6,6,0,0,0,3
Atzitzintla,5,4,4,0,0,0,1
Axutla,C,C,0,0,0,0,C
Ayotoxco de Guerrero,3,3,3,0,1,14,0
Calpan,3,3,3,0,1,0,0
Caltepec,9,7,7,0,0,0,2
Camocuautla,C,C,1,1,0,0,C
Caxhuacan,C,C,1,0,0,0,C
Coatzingo,C,C,2,1,0,0,C
Cohetzala,3,1,1,0,0,0,2
Cohuecan,C,C,2,1,0,0,C
Coronango,3,2,2,0,0,0,1
Coxcatlan,9,7,7,0,0,0,2
Coyomeapan,3,2,2,0,0,0,1
Coyotepec,4,2,2,0,0,0,2
Cuapiaxtla de Madero,C,C,1,0,0,0,C
Cuautempan,C,C,1,0,0,0,C
Cuautinchan,7,7,7,0,0,0,0
Cuautlancingo,3,1,1,0,0,0,2
Cuayuca de Andrade,5,5,5,0,0,0,0
Cuetzalan del Progreso,C,C,2,1,2,18,C
Cuyoaco,11,11,10,0,4,57,0
Chalchicomula de Sesma,24,24,24,1,0,0,0
Chapulco,C,C,2,0,0,0,C
Chiautla,6,5,5,0,0,0,1
Chiautzingo,5,5,5,0,0,0,0
Chiconcuautla,C,C,1,0,0,0,C
Chietla,21,17,17,2,2,15,4
Chignahuapan,45,39,38,1,3,78,6
Chignautla,C,C,0,0,1,60,C
Chila,4,3,3,0,0,0,1
Chila de la Sal,C,C,1,0,0,0,C
Honey,C,C,1,0,0,0,C
Chilchotla,C,C,2,0,1,10,C
Chinantla,3,2,2,0,0,0,1
Domingo Arenas,C,C,2,0,0,0,C
Eloxochitlan,C,C,2,0,0,0,C
Epatlan,4,3,3,0,0,0,1
Esperanza,9,8,8,0,0,0,1
Francisco Z. Mena,21,18,17,2,4,26,3
General Felipe angeles,5,5,5,3,0,0,0
Guadalupe,3,3,3,0,0,0,0
Guadalupe Victoria,10,9,9,0,2,3,1
Huaquechula,26,24,23,1,4,5,2
Huatlatlauca,8,3,3,0,0,0,5
Huauchinango,4,3,3,0,1,9,1
Huehuetlan el Chico,4,2,2,0,0,0,2
Huejotzingo,11,10,10,0,0,0,1
Hueytamalco,9,8,8,0,4,57,1
Hueytlalpan,C,C,0,0,0,0,C
Huitzilan de Serdan,C,C,1,0,0,0,C
Ixcamilpa de Guerrero,4,2,2,0,0,0,2
Ixcaquixtla,7,6,6,0,0,0,1
Ixtacamaxtitlan,24,23,23,1,0,0,1
Izucar de Matamoros,26,22,22,3,3,54,4
Jalpan,7,6,6,0,1,0,1
Jolalpan,9,5,5,0,2,27,4
Jonotla,4,4,4,0,2,4,0
Jopala,C,C,0,0,0,0,C
Juan C. Bonilla,C,C,1,0,1,10,C
Juan N. Mendez,3,3,3,0,0,0,0
Lafragua,7,6,6,0,0,0,1
Libres,6,6,6,0,2,17,0
La Magdalena Tlatlauquitepec,C,C,1,0,0,0,C
Mazapiltepec de Juarez,3,3,3,0,0,0,0
Mixtla,C,C,1,0,0,0,C
Molcaxac,9,9,9,0,2,25,0
Cañada Morelos,5,4,4,0,0,0,1
Nicolas Bravo,C,C,1,0,0,0,C
Nopalucan,6,5,5,0,1,12,1
Ocotepec,C,C,1,0,1,0,C
Ocoyucan,11,9,9,0,0,0,2
Olintla,C,C,0,0,0,0,C
Oriental,7,7,7,0,3,39,0
Pahuatlan,C,C,1,0,0,0,C
Palmar de Bravo,14,13,13,1,1,0,1
Pantepec,16,10,10,1,3,59,6
Petlalcingo,8,5,5,0,2,64,3
Piaxtla,5,5,5,0,0,0,0
Puebla,20,15,14,0,2,14,5
Quecholac,12,11,11,0,3,30,1
Rafael Lara Grajales,C,C,1,0,1,16,C
Los Reyes de Juarez,3,3,3,1,0,0,0
San Andres Cholula,6,2,2,0,0,0,4
San Antonio Cañada,C,C,1,0,0,0,C
San Diego la Mesa Tochimiltzingo,4,3,3,0,0,0,1
San Felipe Teotlalcingo,3,3,2,1,0,0,0
San Gabriel Chilac,4,2,2,1,0,0,2
San Jeronimo Tecuanipan,3,3,3,0,1,4,0
San Jeronimo Xayacatlan,3,2,2,0,0,0,1
San Jose Chiapa,7,6,5,0,2,22,1
San Jose Miahuatlan,8,6,6,0,1,8,2
San Juan Atenco,5,5,5,0,0,0,0
San Martin Texmelucan,11,8,8,0,0,0,3
San Martin Totoltepec,C,C,1,0,0,0,C
San Matias Tlalancaleca,3,3,3,1,1,20,0
San Miguel Xoxtla,C,C,1,0,0,0,C
San Nicolas Buenos Aires,7,5,4,0,3,0,2
San Nicolas de los Ranchos,3,2,2,1,0,0,1
San Pablo Anicano,6,5,5,0,0,0,1
San Pedro Cholula,3,0,0,0,0,0,3
San Pedro Yeloixtlahuaca,C,C,2,0,0,0,C
San Salvador el Seco,4,3,3,0,0,0,1
San Salvador el Verde,8,8,8,0,1,15,0
San Salvador Huixcolotla,C,C,1,0,0,0,C
San Sebastian Tlacotepec,C,C,1,0,0,0,C
Santa Catarina Tlaltempan,C,C,0,0,0,0,C
Santa Ines Ahuatempan,C,C,0,0,0,0,C
Santa Isabel Cholula,4,3,3,0,0,0,1
Santiago Miahuatlan,3,3,3,0,0,0,0
Huehuetlan el Grande,13,9,9,2,1,0,4
Santo Tomas Hueyotlipan,C,C,2,0,0,0,C
Soltepec,7,7,7,0,1,3,0
Tecali de Herrera,12,9,9,1,1,0,3
Tecamachalco,18,17,17,1,2,10,1
Tecomatlan,3,3,3,0,0,0,0
Tehuacan,12,8,8,0,4,19,4
Tehuitzingo,10,9,9,0,0,0,1
Tenampulco,8,5,5,0,1,8,3
Teopantlan,3,2,2,0,0,0,1
Teotlalco,4,3,3,0,1,8,1
Tepanco de Lopez,7,6,6,2,1,5,1
Tepatlaxco de Hidalgo,C,C,1,0,0,0,C
Tepeaca,23,22,22,1,0,0,1
Tepemaxalco,3,3,3,0,0,0,0
Tepeojuma,8,7,7,1,0,0,1
Tepetzintla,3,0,0,0,0,0,3
Tepexco,4,2,1,1,0,0,2
Tepexi de Rodriguez,12,7,7,0,0,0,5
Tepeyahualco,14,13,13,0,2,141,1
Tepeyahualco de Cuauhtemoc,C,C,2,1,0,0,C
Tetela de Ocampo,4,1,1,0,0,0,3
Teziutlan,C,C,0,0,0,0,C
Tianguismanalco,6,5,5,1,2,8,1
Tilapa,7,7,7,1,3,30,0
Tlacotepec de Benito Juarez,18,14,14,4,2,4,4
Tlacuilotepec,4,1,1,0,1,6,3
Tlachichuca,24,22,21,0,3,28,2
Tlahuapan,18,16,16,0,0,0,2
Tlanepantla,C,C,1,0,0,0,C
Tlapacoya,3,3,3,0,0,0,0
Tlapanala,6,6,6,2,1,0,0
Tlatlauquitepec,4,4,4,0,0,0,0
Tlaxco,C,C,0,0,0,0,C
Tochimilco,12,11,11,0,1,3,1
Tochtepec,4,4,4,0,0,0,0
Totoltepec de Guerrero,3,1,1,0,0,0,2
Tulcingo,C,C,1,0,0,0,C
Tuzamapan de Galeana,C,C,1,0,1,9,C
Tzicatlacoyan,7,5,5,0,0,0,2
Venustiano Carranza,12,11,11,0,5,23,1
Vicente Guerrero,4,4,4,0,0,0,0
Xayacatlan de Bravo,C,C,0,0,0,0,C
Xicotepec,10,6,6,1,1,29,4
Xicotlan,C,C,1,0,0,0,C
Xiutetelco,3,0,0,0,0,0,3
Xochiapulco,C,C,0,0,1,8,C
Xochiltepec,3,1,1,0,0,0,2
Xochitlan de Vicente Suarez,C,C,1,0,0,0,C
Xochitlan Todos Santos,3,3,3,1,0,0,0
Yehualtepec,9,7,7,0,0,0,2
Zacapala,7,4,4,0,0,0,3
Zacapoaxtla,10,6,6,0,1,15,4
Zacatlan,18,15,15,1,1,20,3
Zapotitlan,7,6,6,0,0,0,1
Zaragoza,C,C,2,0,0,0,C
Zautla,8,8,8,0,2,15,0
Zihuateutla,8,7,7,0,2,41,1
Zinacatepec,C,C,1,0,0,0,C
Zoquiapan,C,C,1,0,0,0,C
Zoquitlan,C,C,1,0,0,0,C
Queretaro,378,279,273,12,70,911,99
Amealco de Bonfil,23,19,19,0,3,77,4
Pinal de Amoles,19,16,16,1,2,34,3
Arroyo Seco,13,12,12,0,3,27,1
Cadereyta de Montes,38,25,24,0,7,181,13
Colon,42,32,29,2,15,133,10
Corregidora,16,15,15,3,2,10,1
Ezequiel Montes,8,7,7,2,0,0,1
Huimilpan,16,11,11,0,2,32,5
Jalpan de Serra,6,6,6,0,1,2,0
Landa de Matamoros,4,2,2,0,0,0,2
El Marques,39,25,23,0,12,189,14
Pedro Escobedo,19,15,15,0,2,40,4
Peñamiller,16,12,12,0,4,60,4
Queretaro,41,18,18,0,4,0,23
San Joaquin,4,2,2,0,0,0,2
San Juan del Rio,52,45,45,1,6,41,7
Tequisquiapan,12,9,9,2,4,36,3
Toliman,10,8,8,1,3,49,2
Quintana Roo,282,257,245,36,219,3484,25
Cozumel,C,C,1,0,1,0,C
Felipe Carrillo Puerto,55,47,43,2,36,417,8
Isla Mujeres,C,C,1,1,1,16,C
Othon P. Blanco,105,99,97,16,89,1109,6
Benito Juarez,C,C,2,1,2,223,C
Jose Maria Morelos,65,59,54,12,54,1429,6
Lazaro Cardenas,34,31,31,1,21,75,3
Solidaridad,17,16,16,3,15,215,1
San Luis Potosi,1421,1071,1052,17,232,3289,350
Ahualulco,14,9,9,0,0,0,5
Alaquines,11,10,10,0,0,0,1
Aquismon,28,23,22,1,5,89,5
Armadillo de los Infante,7,6,6,0,3,47,1
Cardenas,C,C,4,0,0,0,C
Catorce,21,19,19,0,1,20,2
Cedral,29,26,26,0,2,9,3
Cerritos,18,15,15,0,3,0,3
Cerro de San Pedro,5,4,4,0,1,10,1
Ciudad del Maiz,28,21,21,0,2,27,7
Ciudad Fernandez,15,12,12,0,0,0,3
Tancanhuitz,26,16,15,0,1,0,10
Ciudad Valles,60,49,48,1,13,180,11
Coxcatlan,28,22,22,0,0,0,6
Charcas,27,25,25,0,4,33,2
ebano,92,62,60,1,44,512,30
Guadalcazar,52,44,42,0,5,115,8
Huehuetlan,13,12,12,0,0,0,1
Lagunillas,7,7,7,1,2,20,0
Matehuala,44,41,41,1,10,257,3
Mexquitic de Carmona,30,28,28,0,9,81,2
Moctezuma,30,29,29,0,3,171,1
Rayon,8,8,8,0,0,0,0
Rioverde,55,49,48,2,8,33,6
Salinas,11,11,11,0,0,0,0
San Antonio,10,10,10,0,0,0,0
San Ciro de Acosta,5,5,5,0,0,0,0
San Luis Potosi,35,31,30,0,5,32,4
San Martin Chalchicuautla,58,32,31,1,3,109,26
San Nicolas Tolentino,6,5,5,0,0,0,1
Santa Catarina,5,4,4,0,0,0,1
Santa Maria del Rio,12,7,7,1,3,0,5
Santo Domingo,25,22,22,0,6,198,3
San Vicente Tancuayalab,23,17,14,0,9,157,6
Soledad de Graciano Sanchez,8,7,7,0,0,0,1
Tamasopo,21,20,20,0,4,46,1
Tamazunchale,33,23,22,0,2,31,10
Tampacan,23,20,20,0,1,9,3
Tampamolon Corona,31,18,18,0,0,0,13
Tamuin,175,43,40,0,26,290,132
Tanlajas,26,21,21,0,14,221,5
Tanquian de Escobedo,5,5,5,0,1,40,0
Tierra Nueva,C,C,0,0,0,0,C
Vanegas,20,17,17,1,3,66,3
Venado,18,18,18,2,6,71,0
Villa de Arriaga,11,11,11,1,4,70,0
Villa de Guadalupe,20,17,17,0,2,8,3
Villa de la Paz,5,4,4,1,2,35,1
Villa de Ramos,18,17,17,0,2,46,1
Villa de Reyes,20,20,20,3,6,30,0
Villa Hidalgo,27,24,24,0,6,54,3
Villa Juarez,9,8,8,0,0,0,1
Axtla de Terrazas,29,23,22,0,5,134,6
Xilitla,35,34,34,0,2,10,1
Zaragoza,7,6,5,0,2,19,1
Villa de Arista,8,6,6,0,1,0,2
Matlapa,12,11,11,0,0,0,1
El Naranjo,16,13,13,0,1,9,3
Sinaloa,1309,977,959,34,268,4820,332
Ahome,115,94,92,4,35,1025,21
Angostura,62,50,50,0,8,87,12
Badiraguato,44,11,11,0,0,0,33
Concordia,29,14,11,2,3,29,15
Cosala,37,19,19,0,1,15,18
Culiacan,185,151,150,3,40,770,34
Choix,63,51,51,0,7,101,12
Elota,39,33,32,2,14,433,6
Escuinapa,20,16,14,3,2,14,4
El Fuerte,103,87,86,3,19,394,16
Guasave,140,113,112,7,39,589,27
Mazatlan,45,33,32,3,8,59,12
Mocorito,71,47,47,0,10,231,24
Rosario,51,39,39,1,5,36,12
Salvador Alvarado,22,15,15,1,5,80,7
San Ignacio,51,17,12,4,4,35,34
Sinaloa,154,116,115,1,51,709,38
Navolato,78,71,71,0,17,213,7
Sonora,979,687,668,65,316,3285,292
Aconchi,C,C,0,1,0,0,C
Agua Prieta,6,4,4,0,0,0,2
alamos,84,69,68,2,21,399,15
Altar,7,5,5,0,3,2,2
Arivechi,C,C,3,0,0,0,C
Arizpe,6,6,6,0,2,10,0
Atil,C,C,1,0,1,0,C
Bacadehuachi,C,C,0,0,0,0,C
Bacanora,4,2,2,0,1,2,2
Bacerac,4,2,2,0,1,12,2
Bacoachi,5,3,3,0,0,0,2
Bacum,44,15,15,1,5,53,29
Banamichi,3,2,2,0,0,0,1
Baviacora,C,C,2,0,0,0,C
Bavispe,C,C,2,0,0,0,C
Benjamin Hill,3,2,2,0,1,12,1
Caborca,72,47,42,8,35,203,25
Cajeme,103,58,58,3,26,506,45
Cananea,7,5,5,0,2,13,2
Carbo,C,C,2,0,1,0,C
La Colorada,6,6,6,0,0,0,0
Cucurpe,3,1,1,0,0,0,2
Cumpas,7,7,6,1,0,0,0
Divisaderos,C,C,0,0,0,0,C
Empalme,16,9,9,0,3,0,7
Etchojoa,45,28,27,1,10,273,17
Fronteras,12,8,7,0,6,15,4
Granados,C,C,0,0,0,0,C
Guaymas,31,26,26,1,13,36,5
Hermosillo,52,40,37,6,21,193,12
Huachinera,C,C,2,0,0,0,C
Huasabas,C,C,0,0,0,0,C
Huatabampo,57,50,48,3,29,572,7
Huepac,3,1,1,0,0,0,2
Imuris,6,2,2,1,1,8,4
Magdalena,9,6,6,1,2,71,3
Mazatan,3,1,1,0,0,0,2
Moctezuma,4,1,1,0,0,0,3
Naco,C,C,2,0,0,0,C
Nacori Chico,4,3,3,0,1,10,1
Nacozari de Garcia,4,2,1,0,1,6,2
Navojoa,45,37,37,4,15,130,8
Nogales,8,4,3,2,2,0,4
Onavas,C,C,1,0,0,0,C
Opodepe,6,5,5,0,3,6,1
Oquitoa,C,C,0,0,0,0,C
Pitiquito,11,5,4,0,3,0,6
Puerto Peñasco,27,21,21,8,21,49,6
Quiriego,17,13,13,0,7,43,4
Rayon,5,3,3,0,0,0,2
Rosario,17,12,12,0,1,7,5
Sahuaripa,18,16,16,0,0,0,2
San Felipe de Jesus,C,C,1,0,0,0,C
San Javier,C,C,1,0,0,0,C
San Luis Rio Colorado,41,36,36,14,29,150,5
San Miguel de Horcasitas,4,4,4,1,1,0,0
San Pedro de la Cueva,6,3,3,0,0,0,3
Santa Ana,7,7,7,0,2,9,0
Santa Cruz,C,C,1,0,0,0,C
Saric,5,2,2,0,2,5,3
Soyopa,6,5,5,1,0,0,1
Suaqui Grande,C,C,1,0,0,0,C
Tepache,C,C,0,0,0,0,C
Trincheras,3,3,3,0,2,25,0
Tubutama,7,6,6,1,1,0,1
Ures,12,12,12,0,4,20,0
Villa Hidalgo,4,2,2,0,0,0,2
Villa Pesqueira,3,3,3,0,1,0,0
Yecora,9,5,5,0,2,30,4
General Plutarco Elias Calles,29,19,18,0,10,0,10
Benito Juarez,10,9,9,1,8,156,1
San Ignacio Rio Muerto,38,24,24,4,16,259,14
Tabasco,779,599,583,20,218,3643,180
Balancan,55,46,43,4,27,611,9
Cardenas,62,45,43,1,21,599,17
Centla,55,34,33,3,11,162,21
Centro,64,54,54,2,8,102,10
Comalcalco,33,20,20,0,5,173,13
Cunduacan,44,34,34,0,6,65,10
Emiliano Zapata,14,6,5,1,4,75,8
Huimanguillo,123,95,93,1,32,483,28
Jalapa,23,20,20,0,5,29,3
Jalpa de Mendez,28,23,23,1,7,81,5
Jonuta,37,22,22,0,10,133,15
Macuspana,66,53,50,1,24,389,13
Nacajuca,29,23,21,4,8,182,6
Paraiso,16,10,10,2,0,0,6
Tacotalpa,36,33,32,0,8,126,3
Teapa,21,17,17,0,8,105,4
Tenosique,73,64,63,0,34,328,9
Tamaulipas,1391,1246,1228,36,570,5743,145
Abasolo,37,33,33,1,27,269,4
Aldama,62,56,56,8,26,353,6
Altamira,39,32,30,0,16,125,7
Antiguo Morelos,17,15,15,0,4,69,2
Burgos,19,18,16,0,6,26,1
Bustamante,22,20,20,0,3,32,2
Camargo,9,7,7,0,2,10,2
Casas,23,18,18,0,7,15,5
Cruillas,10,5,5,0,0,0,5
Gomez Farias,25,21,20,1,10,31,4
Gonzalez,87,73,71,3,53,660,14
Güemez,41,41,41,0,17,217,0
Guerrero,C,C,1,0,0,0,C
Gustavo Diaz Ordaz,9,9,9,0,2,25,0
Hidalgo,62,58,58,1,13,135,4
Jaumave,40,35,35,0,12,113,5
Jimenez,22,17,16,1,8,140,5
Llera,54,50,50,0,24,290,4
Mainero,14,14,14,0,1,0,0
El Mante,124,121,120,1,76,763,3
Matamoros,78,72,71,1,14,125,6
Mendez,22,16,16,0,11,149,6
Miquihuana,9,7,7,0,1,18,2
Nuevo Laredo,16,13,13,3,7,15,3
Nuevo Morelos,6,5,5,0,1,15,1
Ocampo,34,31,31,1,17,90,3
Padilla,20,20,20,0,4,66,0
Palmillas,C,C,5,1,2,12,C
Reynosa,74,63,58,3,47,305,11
Rio Bravo,23,20,20,0,7,115,3
San Carlos,53,42,41,2,18,156,11
San Fernando,67,60,59,0,35,549,7
San Nicolas,7,5,5,1,3,15,2
Soto la Marina,59,52,51,4,30,402,7
Tampico,C,C,1,0,0,0,C
Tula,60,57,57,1,26,131,3
Valle Hermoso,27,23,23,0,3,48,4
Victoria,40,39,39,1,17,141,1
Villagran,31,31,31,1,6,73,0
Xicotencatl,41,40,40,1,14,45,1
Tlaxcala,246,192,190,12,32,637,54
Amaxac de Guerrero,C,C,0,0,0,0,C
Atlangatepec,4,4,4,0,0,0,0
Altzayanca,18,12,12,0,2,37,6
Apizaco,4,3,3,0,0,0,1
Calpulalpan,11,10,10,0,2,15,1
El Carmen Tequexquitla,C,C,2,0,1,50,C
Cuapiaxtla,11,5,5,0,1,10,6
Cuaxomulco,C,C,1,0,0,0,C
Chiautempan,5,2,2,1,1,116,3
Muñoz de Domingo Arenas,4,4,4,0,0,0,0
Españita,11,10,10,0,0,0,1
Huamantla,25,22,21,7,8,165,3
Hueyotlipan,13,11,11,0,2,22,2
Ixtacuixtla de Mariano Matamoros,16,10,10,0,0,0,6
Ixtenco,C,C,1,0,0,0,C
Tepetitla de Lardizabal,C,C,2,0,0,0,C
Sanctorum de Lazaro Cardenas,4,2,2,0,0,0,2
Nanacamilpa de Mariano Arista,5,5,5,0,0,0,0
Nativitas,15,13,13,1,0,0,2
Panotla,6,5,5,0,0,0,1
Santa Cruz Tlaxcala,4,3,3,0,0,0,1
Teolocholco,C,C,1,0,0,0,C
Terrenate,6,5,5,0,1,10,1
Tetla de la Solidaridad,7,7,7,0,1,20,0
Tetlatlahuca,3,1,1,0,0,0,2
Tlaxcala,3,2,2,0,0,0,1
Tlaxco,29,23,22,0,12,184,6
Tocatlan,C,C,1,1,0,0,C
Totolac,C,C,1,0,0,0,C
Zitlaltepec de Trinidad Sanchez Santos,3,3,3,0,0,0,0
Tzompantepec,3,3,3,0,0,0,0
Xaloztoc,C,C,2,1,0,0,C
Xaltocan,4,3,3,0,0,0,1
Papalotla de Xicohtencatl,C,C,1,0,0,0,C
Xicohtzinco,C,C,1,0,0,0,C
Yauhquemecan,3,2,2,0,0,0,1
Zacatelco,C,C,1,0,0,0,C
Benito Juarez,C,C,1,0,0,0,C
Emiliano Zapata,C,C,2,0,0,0,C
Lazaro Cardenas,C,C,2,0,1,8,C
La Magdalena Tlaltelulco,C,C,0,0,0,0,C
San Damian Texoloc,C,C,1,1,0,0,C
San Jose Teacalco,C,C,0,0,0,0,C
San Lorenzo Axocomanitla,C,C,1,0,0,0,C
San Lucas Tecopilco,C,C,1,0,0,0,C
Santa Ana Nopalucan,C,C,0,0,0,0,C
Santa Apolonia Teacalco,C,C,0,0,0,0,C
Veracruz Llave,3684,3200,3182,57,499,7755,484
Acajete,C,C,2,0,0,0,C
Acatlan,C,C,1,0,0,0,C
Acayucan,31,28,28,0,5,56,3
Actopan,29,27,27,0,0,0,2
Acula,9,4,4,0,0,0,5
Acultzingo,16,15,15,0,0,0,1
Camaron de Tejeda,5,5,5,0,2,0,0
Alto Lucero de Gutierrez Barrios,16,13,13,0,0,0,3
Altotonga,16,13,13,0,3,24,3
Alvarado,19,18,18,0,1,41,1
Amatitlan,6,5,5,0,0,0,1
Naranjos Amatlan,11,8,8,0,1,0,3
Amatlan de los Reyes,19,16,16,0,1,12,3
angel R. Cabada,21,20,20,0,1,15,1
La Antigua,11,10,10,2,0,0,1
Apazapan,5,5,5,0,1,10,0
Atlahuilco,C,C,1,0,0,0,C
Atoyac,15,13,13,0,1,6,2
Atzacan,7,4,4,0,1,3,3
Atzalan,39,36,36,0,8,95,3
Tlaltetela,14,13,13,0,0,0,1
Banderilla,C,C,1,0,0,0,C
Benito Juarez,23,13,13,2,1,60,10
Boca del Rio,C,C,2,0,0,0,C
Calcahualco,4,3,3,0,0,0,1
Camerino Z. Mendoza,C,C,1,0,0,0,C
Carrillo Puerto,4,4,4,0,1,4,0
Catemaco,30,29,29,1,4,59,1
Cazones,24,23,23,0,1,10,1
Cerro Azul,7,7,7,0,0,0,0
Citlaltepetl,C,C,1,0,0,0,C
Coacoatzintla,3,2,2,0,0,0,1
Coahuitlan,C,C,2,0,0,0,C
Coatepec,14,12,12,0,0,0,2
Coatzacoalcos,8,6,6,0,2,0,2
Coatzintla,16,15,15,0,3,13,1
Coetzala,C,C,1,0,0,0,C
Colipa,3,3,3,0,0,0,0
Comapa,15,13,13,0,1,49,2
Cordoba,24,21,21,0,3,198,3
Cosamaloapan de Carpio,32,30,30,0,8,134,2
Coscomatepec,4,4,4,0,0,0,0
Cosoleacaque,16,13,13,2,4,0,3
Cotaxtla,16,12,12,1,2,23,4
Coxquihui,5,5,5,0,0,0,0
Coyutla,8,8,8,0,1,10,0
Cuichapa,6,6,6,0,2,20,0
Cuitlahuac,15,13,12,1,1,2,2
Chacaltianguis,12,12,12,1,0,0,0
Chalma,16,12,11,0,4,118,4
Chiconamel,11,9,9,0,0,0,2
Chiconquiaco,9,8,8,0,0,0,1
Chicontepec,84,69,69,3,16,700,15
Chinameca,10,10,10,0,1,10,0
Chinampa de Gorostiza,7,6,5,0,1,7,1
Las Choapas,121,105,104,1,39,168,16
Chocaman,3,2,2,0,0,0,1
Chontla,12,7,7,0,0,0,5
Chumatlan,C,C,1,0,0,0,C
Emiliano Zapata,26,24,24,0,3,29,2
Espinal,20,19,19,1,1,12,1
Fortin,7,5,5,0,0,0,2
Gutierrez Zamora,15,10,10,0,0,0,5
Hidalgotitlan,40,40,40,0,4,29,0
Huatusco,10,9,9,0,1,20,1
Huayacocotla,25,24,22,7,6,94,1
Hueyapan de Ocampo,36,33,33,0,5,117,3
Huiloapan,C,C,1,0,0,0,C
Ignacio de la Llave,30,27,27,0,1,0,3
Ilamatlan,15,6,6,0,2,52,9
Isla,47,37,36,1,5,81,10
Ixcatepec,9,1,1,0,0,0,8
Ixhuacan de los Reyes,6,4,4,0,1,6,2
Ixhuatlan del Cafe,13,10,10,0,0,0,3
Ixhuatlancillo,3,2,2,0,0,0,1
Ixhuatlan del Sureste,12,8,8,0,3,12,4
Ixhuatlan de Madero,69,58,58,0,8,577,11
Ixmatlahuacan,8,7,7,0,0,0,1
Ixtaczoquitlan,15,12,12,0,0,0,3
Jalacingo,17,17,17,1,6,43,0
Xalapa,10,7,7,0,0,0,3
Jalcomulco,4,4,4,0,1,0,0
Jaltipan,14,14,13,0,5,82,0
Jamapa,12,11,11,0,2,15,1
Jesus Carranza,52,51,51,0,7,201,1
Xico,12,9,9,0,0,0,3
Jilotepec,5,5,5,0,0,0,0
Juan Rodriguez Clara,46,39,39,0,8,187,7
Juchique de Ferrer,11,10,10,0,0,0,1
Lerdo de Tejada,3,3,3,1,0,0,0
Maltrata,3,3,3,0,1,10,0
Manlio Fabio Altamirano,28,28,28,4,2,48,0
Mariano Escobedo,3,2,2,0,0,0,1
Martinez de la Torre,46,40,40,0,4,56,6
Mecayapan,14,14,14,0,0,0,0
Medellin,33,33,33,1,4,108,0
Miahuatlan,C,C,2,0,0,0,C
Minatitlan,122,112,111,1,12,92,10
Misantla,42,35,35,0,8,37,7
Moloacan,14,9,8,1,4,6,5
Naolinco,4,4,4,0,0,0,0
Nautla,19,12,12,0,0,0,7
Nogales,6,5,5,0,0,0,1
Oluta,3,2,2,0,0,0,1
Omealca,24,23,23,0,0,0,1
Otatitlan,4,3,3,0,0,0,1
Oteapan,C,C,1,0,0,0,C
Ozuluama de Mascareñas,39,35,35,0,12,89,4
Pajapan,10,10,10,0,4,94,0
Panuco,132,108,108,1,52,702,24
Papantla,70,66,66,0,8,81,4
Paso del Macho,27,26,26,0,1,0,1
Paso de Ovejas,26,26,26,0,2,22,0
La Perla,C,C,0,0,0,0,C
Perote,20,19,19,1,4,37,1
Platon Sanchez,11,9,9,1,2,66,2
Playa Vicente,65,58,58,1,7,60,7
Las Vigas de Ramirez,4,3,3,0,0,0,1
Pueblo Viejo,19,19,18,0,10,56,0
Puente Nacional,28,27,27,0,2,53,1
Rafael Delgado,C,C,1,0,0,0,C
Rafael Lucio,C,C,1,0,0,0,C
Los Reyes,C,C,2,0,0,0,C
Rio Blanco,C,C,1,0,0,0,C
Saltabarranca,4,4,4,0,0,0,0
San Andres Tuxtla,80,71,71,0,4,37,9
San Juan Evangelista,50,46,46,0,7,120,4
Santiago Tuxtla,45,42,42,0,7,82,3
Sayula de Aleman,31,28,28,0,5,104,3
Soconusco,7,7,7,0,0,0,0
Soledad Atzompa,C,C,2,0,0,0,C
Soledad de Doblado,26,23,23,0,3,55,3
Soteapan,25,23,23,0,7,464,2
Tamalin,9,7,7,0,1,14,2
Tamiahua,50,38,38,1,2,45,12
Tampico Alto,23,19,18,0,8,24,4
Tancoco,9,7,7,0,0,0,2
Tantima,18,15,15,0,3,72,3
Tantoyuca,38,31,31,0,2,60,7
Castillo de Teayo,26,19,19,0,2,176,7
Tecolutla,37,23,23,0,3,41,14
Temapache,108,97,95,0,8,121,11
Tempoal,39,31,31,0,11,121,8
Tenampa,6,6,6,0,1,10,0
Teocelo,C,C,1,0,0,0,C
Tepatlaxco,5,5,5,0,0,0,0
Tepetlan,6,6,6,1,0,0,0
Tepetzintla,12,11,11,0,3,53,1
Tequila,C,C,1,0,0,0,C
Jose Azueta,30,22,22,0,2,29,8
Texcatepec,5,4,4,1,3,47,1
Texistepec,21,19,19,1,7,122,2
Tezonapa,44,43,43,0,2,26,1
Tierra Blanca,80,75,75,7,9,122,5
Tihuatlan,64,51,50,1,4,73,13
Tlacojalpan,3,2,2,0,0,0,1
Tlacolulan,C,C,2,0,0,0,C
Tlacotalpan,19,12,12,0,2,6,7
Tlacotepec de Mejia,C,C,2,0,0,0,C
Tlachichilco,8,8,8,3,3,75,0
Tlalixcoyan,56,52,52,0,2,28,4
Tlalnelhuayocan,C,C,2,0,1,6,C
Tlapacoyan,16,13,13,0,5,50,3
Tlilapan,C,C,1,0,0,0,C
Tomatlan,C,C,2,0,0,0,C
Tonayan,3,3,3,0,0,0,0
Totutla,7,7,7,0,1,0,0
Tuxpam,74,67,67,0,2,13,7
Tuxtilla,C,C,1,0,0,0,C
ursulo Galvan,16,16,16,0,2,130,0
Vega de Alatorre,14,12,12,1,3,20,2
Veracruz,16,11,11,0,1,0,5
Villa Aldama,5,5,5,0,2,0,0
Xoxocotla,C,C,1,0,0,0,C
Yanga,10,10,10,0,0,0,0
Yecuatla,3,3,3,0,0,0,0
Zacualpan,4,4,4,2,0,0,0
Zentla,3,3,3,0,0,0,0
Zongolica,16,16,16,0,1,4,0
Zontecomatlan de Lopez y Fuentes,15,9,9,0,1,0,6
Zozocolco de Hidalgo,C,C,2,0,0,0,C
Agua Dulce,14,10,10,0,0,0,4
El Higo,15,14,14,1,2,91,1
Nanchital de Lazaro Cardenas del Rio,C,C,0,0,0,0,C
Tres Valles,41,38,37,1,1,12,3
Carlos A. Carrillo,10,8,8,0,0,0,2
Tatahuicapan de Juarez,22,21,21,0,3,0,1
Uxpanapa,88,70,68,1,35,281,18
San Rafael,3,2,2,0,0,0,1
Santiago Sochiapan,C,C,0,0,0,0,C
Yucatan,722,618,569,10,548,3198,104
Abala,7,5,5,0,5,8,2
Acanceh,7,7,7,0,6,26,0
Akil,C,C,0,0,0,0,C
Baca,C,C,3,0,2,10,C
Bokoba,C,C,1,0,1,6,C
Buctzotz,8,7,7,0,6,81,1
Cacalchen,C,C,1,0,2,11,C
Calotmul,4,4,3,0,3,27,0
Cansahcab,5,4,4,0,1,10,1
Cantamayec,3,2,2,0,2,0,1
Celestun,C,C,1,0,1,6,C
Cenotillo,4,3,3,0,1,12,1
Conkal,3,3,3,0,2,10,0
Cuncunul,4,2,2,0,2,0,2
Cuzama,4,3,2,0,3,0,1
Chacsinkin,C,C,2,0,2,0,C
Chankom,14,8,8,0,5,68,6
Chapab,C,C,1,0,0,0,C
Chemax,17,14,13,0,14,183,3
Chicxulub Pueblo,3,3,3,0,2,8,0
Chichimila,7,7,7,0,5,0,0
Chikindzonot,4,1,1,0,1,0,3
Chochola,C,C,1,0,1,10,C
Chumayel,C,C,0,0,1,0,C
Dzan,C,C,0,0,0,0,C
Dzemul,3,1,1,0,0,0,2
Dzidzantun,C,C,2,0,2,27,C
Dzilam de Bravo,C,C,0,0,1,25,C
Dzilam Gonzalez,4,4,4,0,3,18,0
Dzitas,3,3,3,0,2,45,0
Dzoncauich,C,C,2,0,2,15,C
Espita,9,9,8,0,9,155,0
Halacho,8,8,8,1,5,24,0
Hocaba,4,3,3,0,2,16,1
Hoctun,3,3,3,0,3,90,0
Homun,5,5,5,0,5,0,0
Huhi,C,C,2,0,2,18,C
Hunucma,7,6,5,1,6,48,1
Ixil,C,C,1,0,1,0,C
Izamal,11,9,8,0,8,61,2
Kanasin,5,4,4,0,4,10,1
Kantunil,C,C,2,0,1,20,C
Kaua,C,C,2,0,2,0,C
Kinchil,C,C,2,0,2,15,C
Kopoma,C,C,2,0,2,8,C
Mama,C,C,0,0,0,0,C
Mani,C,C,2,0,2,22,C
Maxcanu,14,12,11,0,10,68,2
Mayapan,C,C,1,0,1,0,C
Merida,46,40,39,1,36,97,6
Mococha,4,4,4,0,1,13,0
Motul,20,17,16,0,14,11,3
Muna,4,4,3,0,4,35,0
Muxupip,3,3,3,0,3,0,0
Opichen,C,C,2,0,2,0,C
Oxkutzcab,6,5,5,0,5,90,1
Panaba,5,5,4,0,4,42,0
Peto,30,30,29,0,30,23,0
Progreso,5,2,2,0,2,0,3
Quintana Roo,C,C,2,0,2,4,C
Rio Lagartos,C,C,0,0,0,0,C
Sacalum,4,4,4,1,4,40,0
Samahil,5,4,4,0,4,4,1
Sanahcat,C,C,0,0,0,0,C
San Felipe,C,C,0,0,0,0,C
Santa Elena,C,C,2,0,2,70,C
Seye,4,4,3,0,4,50,0
Sinanche,6,4,3,0,4,47,2
Sotuta,4,2,2,0,2,45,2
Sucila,C,C,0,0,1,5,C
Sudzal,4,3,3,0,3,75,1
Suma,3,3,2,0,1,6,0
Tahdziu,C,C,0,0,0,0,C
Tahmek,3,3,3,0,2,0,0
Teabo,C,C,0,0,1,0,C
Tecoh,11,7,4,0,7,64,4
Tekal de Venegas,3,2,2,0,2,4,1
Tekanto,5,4,4,1,3,0,1
Tekax,55,51,46,1,46,184,4
Tekit,C,C,1,0,1,0,C
Tekom,4,2,2,0,1,0,2
Telchac,C,C,1,0,0,0,C
Telchac Puerto,C,C,0,0,0,0,C
Temax,6,5,5,0,5,39,1
Temozon,13,11,9,0,11,88,2
Tepakan,C,C,1,0,2,90,C
Tetiz,6,4,4,0,4,0,2
Teya,C,C,2,0,2,14,C
Ticul,3,3,3,0,2,50,0
Timucuy,3,1,0,0,1,4,2
Tinum,8,7,7,0,4,70,1
Tixcacalcupul,5,5,4,0,4,10,0
Tixkokob,12,10,9,0,8,1,2
Tixmehuac,7,7,7,0,7,0,0
Tixpehual,5,4,4,0,4,0,1
Tizimin,73,69,65,2,68,242,4
Tunkas,7,6,4,0,6,40,1
Tzucacab,21,20,19,0,18,157,1
Uayma,3,3,3,0,2,22,0
Ucu,4,3,2,1,3,40,1
Uman,18,18,15,0,15,12,0
Valladolid,22,15,13,1,10,145,7
Xocchel,C,C,1,0,2,45,C
Yaxcaba,38,34,33,0,33,35,4
Yaxkukul,C,C,1,0,1,0,C
Yobain,C,C,2,0,2,24,C
Zacatecas,767,665,663,24,120,1892,102
Apozol,6,5,5,0,0,0,1
Apulco,C,C,1,0,0,0,C
Atolinga,C,C,0,0,0,0,C
Benito Juarez,4,3,3,0,0,0,1
Calera,C,C,2,0,1,0,C
Cañitas de Felipe Pescador,C,C,3,0,0,0,C
Concepcion del Oro,18,14,14,1,2,6,4
Cuauhtemoc,6,5,5,0,3,43,1
Chalchihuites,5,4,4,0,0,0,1
Fresnillo,73,68,67,3,21,383,5
Genaro Codina,7,5,5,0,2,41,2
General Enrique Estrada,C,C,2,0,0,0,C
General Francisco R. Murguia,43,35,35,0,8,70,8
El Plateado de Joaquin Amaro,5,5,5,1,1,45,0
General Panfilo Natera,12,11,11,0,3,36,1
Guadalupe,14,14,14,0,0,0,0
Huanusco,6,6,6,0,1,0,0
Jalpa,5,5,5,0,1,31,0
Jerez,42,31,31,1,7,148,11
Jimenez del Teul,5,4,4,0,0,0,1
Juan Aldama,6,5,5,0,1,30,1
Juchipila,4,3,3,0,0,0,1
Loreto,11,11,11,0,1,84,0
Luis Moya,7,7,7,0,1,25,0
Mazapil,69,45,45,1,2,20,24
Melchor Ocampo,6,5,5,0,1,11,1
Mezquital del Oro,C,C,0,0,0,0,C
Miguel Auza,4,4,4,0,3,20,0
Monte Escobedo,7,6,6,0,0,0,1
Morelos,3,2,2,1,0,0,1
Nochistlan de Mejia,C,C,2,0,0,0,C
Noria de angeles,8,8,8,0,3,121,0
Ojocaliente,21,21,21,0,4,63,0
Panuco,6,5,5,0,0,0,1
Pinos,62,62,62,0,25,256,0
Rio Grande,33,28,28,0,2,11,5
Sain Alto,17,16,16,0,0,0,1
El Salvador,5,4,4,0,0,0,1
Sombrerete,41,34,34,1,4,183,7
Susticacan,3,0,0,0,0,0,3
Tabasco,7,7,7,1,0,0,0
Tepechitlan,4,3,3,0,1,8,1
Tepetongo,14,13,13,0,3,10,1
Teul de Gonzalez Ortega,3,2,2,0,0,0,1
Tlaltenango de Sanchez Roman,C,C,2,0,0,0,C
Valparaiso,45,43,43,0,1,0,2
Vetagrande,3,3,3,0,0,0,0
Villa de Cos,41,35,35,9,2,39,6
Villa Garcia,15,15,15,0,3,50,0
Villa Gonzalez Ortega,5,5,5,0,2,19,0
Villa Hidalgo,8,8,7,0,6,107,0
Villanueva,29,26,26,4,4,32,3
Zacatecas,10,9,9,1,0,0,1
Trancoso,4,3,3,0,1,0,1
Santa Maria de la Paz,C,C,0,0,0,0,C
NOTA: La Informacion presentada corresponde a los datos captados en el cuestionario por medio de la pregunta:  39,,,,,,,
C = dato confidencial,,,,,,,
http://www3.inegi.org.mx/sistemas/tabuladosbasicos/default.aspx?c=17351&s=est,,,,,,,
